[INFO] Scanning for projects...
[WARNING] 
[WARNING] Some problems were encountered while building the effective model for com.sss:sss:jar:0.0.1-SNAPSHOT
[WARNING] 'dependencies.dependency.(groupId:artifactId:type:classifier)' must be unique: org.projectlombok:lombok:jar -> duplicate declaration of version (?) @ line 75, column 21
[WARNING] 
[WARNING] It is highly recommended to fix these problems because they threaten the stability of your build.
[WARNING] 
[WARNING] For this reason, future Maven versions might no longer support building such malformed projects.
[WARNING] 
[INFO] 
[INFO] ----------------------------< com.sss:sss >-----------------------------
[INFO] Building sss 0.0.1-SNAPSHOT
[INFO]   from pom.xml
[INFO] --------------------------------[ jar ]---------------------------------
[INFO] 
[INFO] >>> spring-boot:3.5.0:run (default-cli) > test-compile @ sss >>>
[INFO] 
[INFO] --- resources:3.3.1:resources (default-resources) @ sss ---
[INFO] Copying 1 resource from src\main\resources to target\classes
[INFO] Copying 42 resources from src\main\resources to target\classes
[INFO] 
[INFO] --- compiler:3.14.0:compile (default-compile) @ sss ---
[INFO] Nothing to compile - all classes are up to date.
[INFO] 
[INFO] --- resources:3.3.1:testResources (default-testResources) @ sss ---
[INFO] skip non existing resourceDirectory C:\Users\sacch\Documents\sss\development\backend\sss-server\src\test\resources
[INFO] 
[INFO] --- compiler:3.14.0:testCompile (default-testCompile) @ sss ---
[INFO] Nothing to compile - all classes are up to date.
[INFO] 
[INFO] <<< spring-boot:3.5.0:run (default-cli) < test-compile @ sss <<<
[INFO] 
[INFO] 
[INFO] --- spring-boot:3.5.0:run (default-cli) @ sss ---
[INFO] Attaching agents: []

  .   ____          _            __ _ _
 /\\ / ___'_ __ _ _(_)_ __  __ _ \ \ \ \
( ( )\___ | '_ | '_| | '_ \/ _` | \ \ \ \
 \\/  ___)| |_)| | | | | || (_| |  ) ) ) )
  '  |____| .__|_| |_|_| |_\__, | / / / /
 =========|_|==============|___/=/_/_/_/

 :: Spring Boot ::                (v3.5.0)

2026-08-05T14:14:22.557+05:30  INFO 12564 --- [sss-server] [  restartedMain] com.sss.app.SssAppApplication            : Starting SssAppApplication using Java 21.0.7 with PID 12564 (C:\Users\sacch\Documents\sss\development\backend\sss-server\target\classes started by sacch in C:\Users\sacch\Documents\sss\development\backend\sss-server)
2026-08-05T14:14:22.563+05:30  INFO 12564 --- [sss-server] [  restartedMain] com.sss.app.SssAppApplication            : No active profile set, falling back to 1 default profile: "default"
2026-08-05T14:14:22.644+05:30  INFO 12564 --- [sss-server] [  restartedMain] o.s.b.devtools.restart.ChangeableUrls    : The Class-Path manifest attribute in C:\Users\sacch\.m2\repository\org\glassfish\jaxb\jaxb-runtime\2.3.1\jaxb-runtime-2.3.1.jar referenced one or more files that do not exist: file:/C:/Users/sacch/.m2/repository/org/glassfish/jaxb/jaxb-runtime/2.3.1/jaxb-api-2.3.1.jar,file:/C:/Users/sacch/.m2/repository/org/glassfish/jaxb/jaxb-runtime/2.3.1/txw2-2.3.1.jar,file:/C:/Users/sacch/.m2/repository/org/glassfish/jaxb/jaxb-runtime/2.3.1/istack-commons-runtime-3.0.7.jar,file:/C:/Users/sacch/.m2/repository/org/glassfish/jaxb/jaxb-runtime/2.3.1/stax-ex-1.8.jar,file:/C:/Users/sacch/.m2/repository/org/glassfish/jaxb/jaxb-runtime/2.3.1/FastInfoset-1.2.15.jar,file:/C:/Users/sacch/.m2/repository/org/glassfish/jaxb/jaxb-runtime/2.3.1/javax.activation-api-1.2.0.jar
2026-08-05T14:14:22.647+05:30  INFO 12564 --- [sss-server] [  restartedMain] .e.DevToolsPropertyDefaultsPostProcessor : Devtools property defaults active! Set 'spring.devtools.add-properties' to 'false' to disable
2026-08-05T14:14:22.648+05:30  INFO 12564 --- [sss-server] [  restartedMain] .e.DevToolsPropertyDefaultsPostProcessor : For additional web related logging consider setting the 'logging.level.web' property to 'DEBUG'
2026-08-05T14:14:24.901+05:30  INFO 12564 --- [sss-server] [  restartedMain] .s.d.r.c.RepositoryConfigurationDelegate : Multiple Spring Data modules found, entering strict repository configuration mode
2026-08-05T14:14:24.906+05:30  INFO 12564 --- [sss-server] [  restartedMain] .s.d.r.c.RepositoryConfigurationDelegate : Bootstrapping Spring Data JPA repositories in DEFAULT mode.
2026-08-05T14:14:25.636+05:30  INFO 12564 --- [sss-server] [  restartedMain] .s.d.r.c.RepositoryConfigurationDelegate : Finished Spring Data repository scanning in 714 ms. Found 44 JPA repository interfaces.
2026-08-05T14:14:25.708+05:30  INFO 12564 --- [sss-server] [  restartedMain] .s.d.r.c.RepositoryConfigurationDelegate : Multiple Spring Data modules found, entering strict repository configuration mode
2026-08-05T14:14:25.711+05:30  INFO 12564 --- [sss-server] [  restartedMain] .s.d.r.c.RepositoryConfigurationDelegate : Bootstrapping Spring Data Redis repositories in DEFAULT mode.
2026-08-05T14:14:25.802+05:30  INFO 12564 --- [sss-server] [  restartedMain] .RepositoryConfigurationExtensionSupport : Spring Data Redis - Could not safely identify store assignment for repository candidate interface com.sss.app.repository.address.AddressConstraintRepository; If you want this repository to be a Redis repository, consider annotating your entities with one of these annotations: org.springframework.data.redis.core.RedisHash (preferred), or consider extending one of the following types with your repository: org.springframework.data.keyvalue.repository.KeyValueRepository
2026-08-05T14:14:25.803+05:30  INFO 12564 --- [sss-server] [  restartedMain] .RepositoryConfigurationExtensionSupport : Spring Data Redis - Could not safely identify store assignment for repository candidate interface com.sss.app.repository.address.AddressRepository; If you want this repository to be a Redis repository, consider annotating your entities with one of these annotations: org.springframework.data.redis.core.RedisHash (preferred), or consider extending one of the following types with your repository: org.springframework.data.keyvalue.repository.KeyValueRepository
2026-08-05T14:14:25.804+05:30  INFO 12564 --- [sss-server] [  restartedMain] .RepositoryConfigurationExtensionSupport : Spring Data Redis - Could not safely identify store assignment for repository candidate interface com.sss.app.repository.assignment.PriorityCalendarEntryRepository; If you want this repository to be a Redis repository, consider annotating your entities with one of these annotations: org.springframework.data.redis.core.RedisHash (preferred), or consider extending one of the following types with your repository: org.springframework.data.keyvalue.repository.KeyValueRepository
2026-08-05T14:14:25.805+05:30  INFO 12564 --- [sss-server] [  restartedMain] .RepositoryConfigurationExtensionSupport : Spring Data Redis - Could not safely identify store assignment for repository candidate interface com.sss.app.repository.audit.AuditLogRepository; If you want this repository to be a Redis repository, consider annotating your entities with one of these annotations: org.springframework.data.redis.core.RedisHash (preferred), or consider extending one of the following types with your repository: org.springframework.data.keyvalue.repository.KeyValueRepository
2026-08-05T14:14:25.805+05:30  INFO 12564 --- [sss-server] [  restartedMain] .RepositoryConfigurationExtensionSupport : Spring Data Redis - Could not safely identify store assignment for repository candidate interface com.sss.app.repository.BankAccountRepository; If you want this repository to be a Redis repository, consider annotating your entities with one of these annotations: org.springframework.data.redis.core.RedisHash (preferred), or consider extending one of the following types with your repository: org.springframework.data.keyvalue.repository.KeyValueRepository
2026-08-05T14:14:25.808+05:30  INFO 12564 --- [sss-server] [  restartedMain] .RepositoryConfigurationExtensionSupport : Spring Data Redis - Could not safely identify store assignment for repository candidate interface com.sss.app.repository.deal.DealRepository; If you want this repository to be a Redis repository, consider annotating your entities with one of these annotations: org.springframework.data.redis.core.RedisHash (preferred), or consider extending one of the following types with your repository: org.springframework.data.keyvalue.repository.KeyValueRepository
2026-08-05T14:14:25.808+05:30  INFO 12564 --- [sss-server] [  restartedMain] .RepositoryConfigurationExtensionSupport : Spring Data Redis - Could not safely identify store assignment for repository candidate interface com.sss.app.repository.escape.EscapeRepository; If you want this repository to be a Redis repository, consider annotating your entities with one of these annotations: org.springframework.data.redis.core.RedisHash (preferred), or consider extending one of the following types with your repository: org.springframework.data.keyvalue.repository.KeyValueRepository
2026-08-05T14:14:25.809+05:30  INFO 12564 --- [sss-server] [  restartedMain] .RepositoryConfigurationExtensionSupport : Spring Data Redis - Could not safely identify store assignment for repository candidate interface com.sss.app.repository.integration.IntegrationConnectionRepository; If you want this repository to be a Redis repository, consider annotating your entities with one of these annotations: org.springframework.data.redis.core.RedisHash (preferred), or consider extending one of the following types with your repository: org.springframework.data.keyvalue.repository.KeyValueRepository
2026-08-05T14:14:25.810+05:30  INFO 12564 --- [sss-server] [  restartedMain] .RepositoryConfigurationExtensionSupport : Spring Data Redis - Could not safely identify store assignment for repository candidate interface com.sss.app.repository.integration.meta.LeadImportAttemptRepository; If you want this repository to be a Redis repository, consider annotating your entities with one of these annotations: org.springframework.data.redis.core.RedisHash (preferred), or consider extending one of the following types with your repository: org.springframework.data.keyvalue.repository.KeyValueRepository
2026-08-05T14:14:25.812+05:30  INFO 12564 --- [sss-server] [  restartedMain] .RepositoryConfigurationExtensionSupport : Spring Data Redis - Could not safely identify store assignment for repository candidate interface com.sss.app.repository.integration.meta.LeadSourceMetadataRepository; If you want this repository to be a Redis repository, consider annotating your entities with one of these annotations: org.springframework.data.redis.core.RedisHash (preferred), or consider extending one of the following types with your repository: org.springframework.data.keyvalue.repository.KeyValueRepository
2026-08-05T14:14:25.813+05:30  INFO 12564 --- [sss-server] [  restartedMain] .RepositoryConfigurationExtensionSupport : Spring Data Redis - Could not safely identify store assignment for repository candidate interface com.sss.app.repository.integration.meta.MetaChannelConfigRepository; If you want this repository to be a Redis repository, consider annotating your entities with one of these annotations: org.springframework.data.redis.core.RedisHash (preferred), or consider extending one of the following types with your repository: org.springframework.data.keyvalue.repository.KeyValueRepository
2026-08-05T14:14:25.814+05:30  INFO 12564 --- [sss-server] [  restartedMain] .RepositoryConfigurationExtensionSupport : Spring Data Redis - Could not safely identify store assignment for repository candidate interface com.sss.app.repository.integration.meta.MetaFieldMappingRepository; If you want this repository to be a Redis repository, consider annotating your entities with one of these annotations: org.springframework.data.redis.core.RedisHash (preferred), or consider extending one of the following types with your repository: org.springframework.data.keyvalue.repository.KeyValueRepository
2026-08-05T14:14:25.814+05:30  INFO 12564 --- [sss-server] [  restartedMain] .RepositoryConfigurationExtensionSupport : Spring Data Redis - Could not safely identify store assignment for repository candidate interface com.sss.app.repository.integration.meta.MetaWebhookEventRepository; If you want this repository to be a Redis repository, consider annotating your entities with one of these annotations: org.springframework.data.redis.core.RedisHash (preferred), or consider extending one of the following types with your repository: org.springframework.data.keyvalue.repository.KeyValueRepository
2026-08-05T14:14:25.815+05:30  INFO 12564 --- [sss-server] [  restartedMain] .RepositoryConfigurationExtensionSupport : Spring Data Redis - Could not safely identify store assignment for repository candidate interface com.sss.app.repository.InvitationTokenRepository; If you want this repository to be a Redis repository, consider annotating your entities with one of these annotations: org.springframework.data.redis.core.RedisHash (preferred), or consider extending one of the following types with your repository: org.springframework.data.keyvalue.repository.KeyValueRepository
2026-08-05T14:14:25.815+05:30  INFO 12564 --- [sss-server] [  restartedMain] .RepositoryConfigurationExtensionSupport : Spring Data Redis - Could not safely identify store assignment for repository candidate interface com.sss.app.repository.itinerary.ItineraryContentItemRepository; If you want this repository to be a Redis repository, consider annotating your entities with one of these annotations: org.springframework.data.redis.core.RedisHash (preferred), or consider extending one of the following types with your repository: org.springframework.data.keyvalue.repository.KeyValueRepository
2026-08-05T14:14:25.816+05:30  INFO 12564 --- [sss-server] [  restartedMain] .RepositoryConfigurationExtensionSupport : Spring Data Redis - Could not safely identify store assignment for repository candidate interface com.sss.app.repository.itinerary.ItineraryItemRepository; If you want this repository to be a Redis repository, consider annotating your entities with one of these annotations: org.springframework.data.redis.core.RedisHash (preferred), or consider extending one of the following types with your repository: org.springframework.data.keyvalue.repository.KeyValueRepository
2026-08-05T14:14:25.816+05:30  INFO 12564 --- [sss-server] [  restartedMain] .RepositoryConfigurationExtensionSupport : Spring Data Redis - Could not safely identify store assignment for repository candidate interface com.sss.app.repository.itinerary.ItineraryRepository; If you want this repository to be a Redis repository, consider annotating your entities with one of these annotations: org.springframework.data.redis.core.RedisHash (preferred), or consider extending one of the following types with your repository: org.springframework.data.keyvalue.repository.KeyValueRepository
2026-08-05T14:14:25.817+05:30  INFO 12564 --- [sss-server] [  restartedMain] .RepositoryConfigurationExtensionSupport : Spring Data Redis - Could not safely identify store assignment for repository candidate interface com.sss.app.repository.lead.LeadRepository; If you want this repository to be a Redis repository, consider annotating your entities with one of these annotations: org.springframework.data.redis.core.RedisHash (preferred), or consider extending one of the following types with your repository: org.springframework.data.keyvalue.repository.KeyValueRepository
2026-08-05T14:14:25.817+05:30  INFO 12564 --- [sss-server] [  restartedMain] .RepositoryConfigurationExtensionSupport : Spring Data Redis - Could not safely identify store assignment for repository candidate interface com.sss.app.repository.library.activity.ActivityRepository; If you want this repository to be a Redis repository, consider annotating your entities with one of these annotations: org.springframework.data.redis.core.RedisHash (preferred), or consider extending one of the following types with your repository: org.springframework.data.keyvalue.repository.KeyValueRepository
2026-08-05T14:14:25.819+05:30  INFO 12564 --- [sss-server] [  restartedMain] .RepositoryConfigurationExtensionSupport : Spring Data Redis - Could not safely identify store assignment for repository candidate interface com.sss.app.repository.library.escapepoint.EscapePointRepository; If you want this repository to be a Redis repository, consider annotating your entities with one of these annotations: org.springframework.data.redis.core.RedisHash (preferred), or consider extending one of the following types with your repository: org.springframework.data.keyvalue.repository.KeyValueRepository
2026-08-05T14:14:25.820+05:30  INFO 12564 --- [sss-server] [  restartedMain] .RepositoryConfigurationExtensionSupport : Spring Data Redis - Could not safely identify store assignment for repository candidate interface com.sss.app.repository.library.escapesource.EscapeSourceRepository; If you want this repository to be a Redis repository, consider annotating your entities with one of these annotations: org.springframework.data.redis.core.RedisHash (preferred), or consider extending one of the following types with your repository: org.springframework.data.keyvalue.repository.KeyValueRepository
2026-08-05T14:14:25.820+05:30  INFO 12564 --- [sss-server] [  restartedMain] .RepositoryConfigurationExtensionSupport : Spring Data Redis - Could not safely identify store assignment for repository candidate interface com.sss.app.repository.library.hotel.HotelRepository; If you want this repository to be a Redis repository, consider annotating your entities with one of these annotations: org.springframework.data.redis.core.RedisHash (preferred), or consider extending one of the following types with your repository: org.springframework.data.keyvalue.repository.KeyValueRepository
2026-08-05T14:14:25.821+05:30  INFO 12564 --- [sss-server] [  restartedMain] .RepositoryConfigurationExtensionSupport : Spring Data Redis - Could not safely identify store assignment for repository candidate interface com.sss.app.repository.library.inclusionexlusion.InclusionExclusionRepository; If you want this repository to be a Redis repository, consider annotating your entities with one of these annotations: org.springframework.data.redis.core.RedisHash (preferred), or consider extending one of the following types with your repository: org.springframework.data.keyvalue.repository.KeyValueRepository
2026-08-05T14:14:25.822+05:30  INFO 12564 --- [sss-server] [  restartedMain] .RepositoryConfigurationExtensionSupport : Spring Data Redis - Could not safely identify store assignment for repository candidate interface com.sss.app.repository.library.location.LocationRepository; If you want this repository to be a Redis repository, consider annotating your entities with one of these annotations: org.springframework.data.redis.core.RedisHash (preferred), or consider extending one of the following types with your repository: org.springframework.data.keyvalue.repository.KeyValueRepository
2026-08-05T14:14:25.822+05:30  INFO 12564 --- [sss-server] [  restartedMain] .RepositoryConfigurationExtensionSupport : Spring Data Redis - Could not safely identify store assignment for repository candidate interface com.sss.app.repository.library.mealplan.MealPlanRepository; If you want this repository to be a Redis repository, consider annotating your entities with one of these annotations: org.springframework.data.redis.core.RedisHash (preferred), or consider extending one of the following types with your repository: org.springframework.data.keyvalue.repository.KeyValueRepository
2026-08-05T14:14:25.823+05:30  INFO 12564 --- [sss-server] [  restartedMain] .RepositoryConfigurationExtensionSupport : Spring Data Redis - Could not safely identify store assignment for repository candidate interface com.sss.app.repository.library.roomtype.RoomTypeRepository; If you want this repository to be a Redis repository, consider annotating your entities with one of these annotations: org.springframework.data.redis.core.RedisHash (preferred), or consider extending one of the following types with your repository: org.springframework.data.keyvalue.repository.KeyValueRepository
2026-08-05T14:14:25.824+05:30  INFO 12564 --- [sss-server] [  restartedMain] .RepositoryConfigurationExtensionSupport : Spring Data Redis - Could not safely identify store assignment for repository candidate interface com.sss.app.repository.library.serviceprovider.ServiceProviderRepository; If you want this repository to be a Redis repository, consider annotating your entities with one of these annotations: org.springframework.data.redis.core.RedisHash (preferred), or consider extending one of the following types with your repository: org.springframework.data.keyvalue.repository.KeyValueRepository
2026-08-05T14:14:25.825+05:30  INFO 12564 --- [sss-server] [  restartedMain] .RepositoryConfigurationExtensionSupport : Spring Data Redis - Could not safely identify store assignment for repository candidate interface com.sss.app.repository.library.transport.TransportRepository; If you want this repository to be a Redis repository, consider annotating your entities with one of these annotations: org.springframework.data.redis.core.RedisHash (preferred), or consider extending one of the following types with your repository: org.springframework.data.keyvalue.repository.KeyValueRepository
2026-08-05T14:14:25.825+05:30  INFO 12564 --- [sss-server] [  restartedMain] .RepositoryConfigurationExtensionSupport : Spring Data Redis - Could not safely identify store assignment for repository candidate interface com.sss.app.repository.OrganizationRepository; If you want this repository to be a Redis repository, consider annotating your entities with one of these annotations: org.springframework.data.redis.core.RedisHash (preferred), or consider extending one of the following types with your repository: org.springframework.data.keyvalue.repository.KeyValueRepository
2026-08-05T14:14:25.826+05:30  INFO 12564 --- [sss-server] [  restartedMain] .RepositoryConfigurationExtensionSupport : Spring Data Redis - Could not safely identify store assignment for repository candidate interface com.sss.app.repository.PasswordResetTokenRepository; If you want this repository to be a Redis repository, consider annotating your entities with one of these annotations: org.springframework.data.redis.core.RedisHash (preferred), or consider extending one of the following types with your repository: org.springframework.data.keyvalue.repository.KeyValueRepository
2026-08-05T14:14:25.827+05:30  INFO 12564 --- [sss-server] [  restartedMain] .RepositoryConfigurationExtensionSupport : Spring Data Redis - Could not safely identify store assignment for repository candidate interface com.sss.app.repository.payment.PaymentMilestoneRepository; If you want this repository to be a Redis repository, consider annotating your entities with one of these annotations: org.springframework.data.redis.core.RedisHash (preferred), or consider extending one of the following types with your repository: org.springframework.data.keyvalue.repository.KeyValueRepository
2026-08-05T14:14:25.828+05:30  INFO 12564 --- [sss-server] [  restartedMain] .RepositoryConfigurationExtensionSupport : Spring Data Redis - Could not safely identify store assignment for repository candidate interface com.sss.app.repository.permissions.PermissionRepository; If you want this repository to be a Redis repository, consider annotating your entities with one of these annotations: org.springframework.data.redis.core.RedisHash (preferred), or consider extending one of the following types with your repository: org.springframework.data.keyvalue.repository.KeyValueRepository
2026-08-05T14:14:25.830+05:30  INFO 12564 --- [sss-server] [  restartedMain] .RepositoryConfigurationExtensionSupport : Spring Data Redis - Could not safely identify store assignment for repository candidate interface com.sss.app.repository.permissions.RolePermissionRepository; If you want this repository to be a Redis repository, consider annotating your entities with one of these annotations: org.springframework.data.redis.core.RedisHash (preferred), or consider extending one of the following types with your repository: org.springframework.data.keyvalue.repository.KeyValueRepository
2026-08-05T14:14:25.831+05:30  INFO 12564 --- [sss-server] [  restartedMain] .RepositoryConfigurationExtensionSupport : Spring Data Redis - Could not safely identify store assignment for repository candidate interface com.sss.app.repository.quote.QuoteRepository; If you want this repository to be a Redis repository, consider annotating your entities with one of these annotations: org.springframework.data.redis.core.RedisHash (preferred), or consider extending one of the following types with your repository: org.springframework.data.keyvalue.repository.KeyValueRepository
2026-08-05T14:14:25.832+05:30  INFO 12564 --- [sss-server] [  restartedMain] .RepositoryConfigurationExtensionSupport : Spring Data Redis - Could not safely identify store assignment for repository candidate interface com.sss.app.repository.reminder.PaymentReminderLogRepository; If you want this repository to be a Redis repository, consider annotating your entities with one of these annotations: org.springframework.data.redis.core.RedisHash (preferred), or consider extending one of the following types with your repository: org.springframework.data.keyvalue.repository.KeyValueRepository
2026-08-05T14:14:25.832+05:30  INFO 12564 --- [sss-server] [  restartedMain] .RepositoryConfigurationExtensionSupport : Spring Data Redis - Could not safely identify store assignment for repository candidate interface com.sss.app.repository.reminder.ReminderRuleRepository; If you want this repository to be a Redis repository, consider annotating your entities with one of these annotations: org.springframework.data.redis.core.RedisHash (preferred), or consider extending one of the following types with your repository: org.springframework.data.keyvalue.repository.KeyValueRepository
2026-08-05T14:14:25.832+05:30  INFO 12564 --- [sss-server] [  restartedMain] .RepositoryConfigurationExtensionSupport : Spring Data Redis - Could not safely identify store assignment for repository candidate interface com.sss.app.repository.RoleRepository; If you want this repository to be a Redis repository, consider annotating your entities with one of these annotations: org.springframework.data.redis.core.RedisHash (preferred), or consider extending one of the following types with your repository: org.springframework.data.keyvalue.repository.KeyValueRepository
2026-08-05T14:14:25.833+05:30  INFO 12564 --- [sss-server] [  restartedMain] .RepositoryConfigurationExtensionSupport : Spring Data Redis - Could not safely identify store assignment for repository candidate interface com.sss.app.repository.system.CurrencyRepository; If you want this repository to be a Redis repository, consider annotating your entities with one of these annotations: org.springframework.data.redis.core.RedisHash (preferred), or consider extending one of the following types with your repository: org.springframework.data.keyvalue.repository.KeyValueRepository
2026-08-05T14:14:25.834+05:30  INFO 12564 --- [sss-server] [  restartedMain] .RepositoryConfigurationExtensionSupport : Spring Data Redis - Could not safely identify store assignment for repository candidate interface com.sss.app.repository.taxprofile.TaxProfileRepository; If you want this repository to be a Redis repository, consider annotating your entities with one of these annotations: org.springframework.data.redis.core.RedisHash (preferred), or consider extending one of the following types with your repository: org.springframework.data.keyvalue.repository.KeyValueRepository
2026-08-05T14:14:25.834+05:30  INFO 12564 --- [sss-server] [  restartedMain] .RepositoryConfigurationExtensionSupport : Spring Data Redis - Could not safely identify store assignment for repository candidate interface com.sss.app.repository.traveller.TravellerRepository; If you want this repository to be a Redis repository, consider annotating your entities with one of these annotations: org.springframework.data.redis.core.RedisHash (preferred), or consider extending one of the following types with your repository: org.springframework.data.keyvalue.repository.KeyValueRepository
2026-08-05T14:14:25.835+05:30  INFO 12564 --- [sss-server] [  restartedMain] .RepositoryConfigurationExtensionSupport : Spring Data Redis - Could not safely identify store assignment for repository candidate interface com.sss.app.repository.UserCredentialRepository; If you want this repository to be a Redis repository, consider annotating your entities with one of these annotations: org.springframework.data.redis.core.RedisHash (preferred), or consider extending one of the following types with your repository: org.springframework.data.keyvalue.repository.KeyValueRepository
2026-08-05T14:14:25.835+05:30  INFO 12564 --- [sss-server] [  restartedMain] .RepositoryConfigurationExtensionSupport : Spring Data Redis - Could not safely identify store assignment for repository candidate interface com.sss.app.repository.UserRepository; If you want this repository to be a Redis repository, consider annotating your entities with one of these annotations: org.springframework.data.redis.core.RedisHash (preferred), or consider extending one of the following types with your repository: org.springframework.data.keyvalue.repository.KeyValueRepository
2026-08-05T14:14:25.836+05:30  INFO 12564 --- [sss-server] [  restartedMain] .RepositoryConfigurationExtensionSupport : Spring Data Redis - Could not safely identify store assignment for repository candidate interface com.sss.app.repository.UserRoleLinkRepository; If you want this repository to be a Redis repository, consider annotating your entities with one of these annotations: org.springframework.data.redis.core.RedisHash (preferred), or consider extending one of the following types with your repository: org.springframework.data.keyvalue.repository.KeyValueRepository
2026-08-05T14:14:25.836+05:30  INFO 12564 --- [sss-server] [  restartedMain] .RepositoryConfigurationExtensionSupport : Spring Data Redis - Could not safely identify store assignment for repository candidate interface com.sss.app.repository.UserSessionRepository; If you want this repository to be a Redis repository, consider annotating your entities with one of these annotations: org.springframework.data.redis.core.RedisHash (preferred), or consider extending one of the following types with your repository: org.springframework.data.keyvalue.repository.KeyValueRepository
2026-08-05T14:14:25.836+05:30  INFO 12564 --- [sss-server] [  restartedMain] .s.d.r.c.RepositoryConfigurationDelegate : Finished Spring Data repository scanning in 113 ms. Found 0 Redis repository interfaces.
2026-08-05T14:14:27.013+05:30  INFO 12564 --- [sss-server] [  restartedMain] o.s.b.w.embedded.tomcat.TomcatWebServer  : Tomcat initialized with port 8080 (http)
2026-08-05T14:14:27.036+05:30  INFO 12564 --- [sss-server] [  restartedMain] o.apache.catalina.core.StandardService   : Starting service [Tomcat]
2026-08-05T14:14:27.037+05:30  INFO 12564 --- [sss-server] [  restartedMain] o.apache.catalina.core.StandardEngine    : Starting Servlet engine: [Apache Tomcat/10.1.41]
2026-08-05T14:14:27.084+05:30  INFO 12564 --- [sss-server] [  restartedMain] o.a.c.c.C.[Tomcat].[localhost].[/sss]    : Initializing Spring embedded WebApplicationContext
2026-08-05T14:14:27.085+05:30  INFO 12564 --- [sss-server] [  restartedMain] w.s.c.ServletWebServerApplicationContext : Root WebApplicationContext: initialization completed in 4436 ms
2026-08-05T14:14:27.325+05:30  INFO 12564 --- [sss-server] [  restartedMain] com.zaxxer.hikari.HikariDataSource       : HikariPool-1 - Starting...
2026-08-05T14:14:30.402+05:30 ERROR 12564 --- [sss-server] [  restartedMain] o.s.b.web.embedded.tomcat.TomcatStarter  : Error starting Tomcat context. Exception: org.springframework.beans.factory.UnsatisfiedDependencyException. Message: Error creating bean with name 'securityConfig': Unsatisfied dependency expressed through field 'jwtFilter': Error creating bean with name 'jwtAuthenticationFilter': Unsatisfied dependency expressed through field 'userSessionRepo': Error creating bean with name 'userSessionRepository' defined in com.sss.app.repository.UserSessionRepository defined in @EnableJpaRepositories declared on JpaRepositoriesRegistrar.EnableJpaRepositoriesConfiguration: Cannot resolve reference to bean 'jpaSharedEM_entityManagerFactory' while setting bean property 'entityManager'
2026-08-05T14:14:30.430+05:30  INFO 12564 --- [sss-server] [  restartedMain] o.apache.catalina.core.StandardService   : Stopping service [Tomcat]
2026-08-05T14:14:30.434+05:30  WARN 12564 --- [sss-server] [  restartedMain] ConfigServletWebServerApplicationContext : Exception encountered during context initialization - cancelling refresh attempt: org.springframework.context.ApplicationContextException: Unable to start web server
2026-08-05T14:14:30.441+05:30  INFO 12564 --- [sss-server] [  restartedMain] .s.b.a.l.ConditionEvaluationReportLogger : 

Error starting ApplicationContext. To display the condition evaluation report re-run your application with 'debug' enabled.
2026-08-05T14:14:30.460+05:30 ERROR 12564 --- [sss-server] [  restartedMain] o.s.boot.SpringApplication               : Application run failed

org.springframework.context.ApplicationContextException: Unable to start web server
	at org.springframework.boot.web.servlet.context.ServletWebServerApplicationContext.onRefresh(ServletWebServerApplicationContext.java:170) ~[spring-boot-3.5.0.jar:3.5.0]
	at org.springframework.context.support.AbstractApplicationContext.refresh(AbstractApplicationContext.java:621) ~[spring-context-6.2.7.jar:6.2.7]
	at org.springframework.boot.web.servlet.context.ServletWebServerApplicationContext.refresh(ServletWebServerApplicationContext.java:146) ~[spring-boot-3.5.0.jar:3.5.0]
	at org.springframework.boot.SpringApplication.refresh(SpringApplication.java:753) ~[spring-boot-3.5.0.jar:3.5.0]
	at org.springframework.boot.SpringApplication.refreshContext(SpringApplication.java:439) ~[spring-boot-3.5.0.jar:3.5.0]
	at org.springframework.boot.SpringApplication.run(SpringApplication.java:318) ~[spring-boot-3.5.0.jar:3.5.0]
	at org.springframework.boot.SpringApplication.run(SpringApplication.java:1362) ~[spring-boot-3.5.0.jar:3.5.0]
	at org.springframework.boot.SpringApplication.run(SpringApplication.java:1351) ~[spring-boot-3.5.0.jar:3.5.0]
	at com.sss.app.SssAppApplication.main(SssAppApplication.java:15) ~[classes/:na]
	at java.base/jdk.internal.reflect.DirectMethodHandleAccessor.invoke(DirectMethodHandleAccessor.java:103) ~[na:na]
	at java.base/java.lang.reflect.Method.invoke(Method.java:580) ~[na:na]
	at org.springframework.boot.devtools.restart.RestartLauncher.run(RestartLauncher.java:50) ~[spring-boot-devtools-3.5.0.jar:3.5.0]
Caused by: org.springframework.boot.web.server.WebServerException: Unable to start embedded Tomcat
	at org.springframework.boot.web.embedded.tomcat.TomcatWebServer.initialize(TomcatWebServer.java:147) ~[spring-boot-3.5.0.jar:3.5.0]
	at org.springframework.boot.web.embedded.tomcat.TomcatWebServer.<init>(TomcatWebServer.java:107) ~[spring-boot-3.5.0.jar:3.5.0]
	at org.springframework.boot.web.embedded.tomcat.TomcatServletWebServerFactory.getTomcatWebServer(TomcatServletWebServerFactory.java:517) ~[spring-boot-3.5.0.jar:3.5.0]
	at org.springframework.boot.web.embedded.tomcat.TomcatServletWebServerFactory.getWebServer(TomcatServletWebServerFactory.java:219) ~[spring-boot-3.5.0.jar:3.5.0]
	at org.springframework.boot.web.servlet.context.ServletWebServerApplicationContext.createWebServer(ServletWebServerApplicationContext.java:193) ~[spring-boot-3.5.0.jar:3.5.0]
	at org.springframework.boot.web.servlet.context.ServletWebServerApplicationContext.onRefresh(ServletWebServerApplicationContext.java:167) ~[spring-boot-3.5.0.jar:3.5.0]
	... 11 common frames omitted
Caused by: org.springframework.beans.factory.UnsatisfiedDependencyException: Error creating bean with name 'securityConfig': Unsatisfied dependency expressed through field 'jwtFilter': Error creating bean with name 'jwtAuthenticationFilter': Unsatisfied dependency expressed through field 'userSessionRepo': Error creating bean with name 'userSessionRepository' defined in com.sss.app.repository.UserSessionRepository defined in @EnableJpaRepositories declared on JpaRepositoriesRegistrar.EnableJpaRepositoriesConfiguration: Cannot resolve reference to bean 'jpaSharedEM_entityManagerFactory' while setting bean property 'entityManager'
	at org.springframework.beans.factory.annotation.AutowiredAnnotationBeanPostProcessor$AutowiredFieldElement.resolveFieldValue(AutowiredAnnotationBeanPostProcessor.java:788) ~[spring-beans-6.2.7.jar:6.2.7]
	at org.springframework.beans.factory.annotation.AutowiredAnnotationBeanPostProcessor$AutowiredFieldElement.inject(AutowiredAnnotationBeanPostProcessor.java:768) ~[spring-beans-6.2.7.jar:6.2.7]
	at org.springframework.beans.factory.annotation.InjectionMetadata.inject(InjectionMetadata.java:146) ~[spring-beans-6.2.7.jar:6.2.7]
	at org.springframework.beans.factory.annotation.AutowiredAnnotationBeanPostProcessor.postProcessProperties(AutowiredAnnotationBeanPostProcessor.java:509) ~[spring-beans-6.2.7.jar:6.2.7]
	at org.springframework.beans.factory.support.AbstractAutowireCapableBeanFactory.populateBean(AbstractAutowireCapableBeanFactory.java:1459) ~[spring-beans-6.2.7.jar:6.2.7]
	at org.springframework.beans.factory.support.AbstractAutowireCapableBeanFactory.doCreateBean(AbstractAutowireCapableBeanFactory.java:606) ~[spring-beans-6.2.7.jar:6.2.7]
	at org.springframework.beans.factory.support.AbstractAutowireCapableBeanFactory.createBean(AbstractAutowireCapableBeanFactory.java:529) ~[spring-beans-6.2.7.jar:6.2.7]
	at org.springframework.beans.factory.support.AbstractBeanFactory.lambda$doGetBean$0(AbstractBeanFactory.java:339) ~[spring-beans-6.2.7.jar:6.2.7]
	at org.springframework.beans.factory.support.DefaultSingletonBeanRegistry.getSingleton(DefaultSingletonBeanRegistry.java:373) ~[spring-beans-6.2.7.jar:6.2.7]
	at org.springframework.beans.factory.support.AbstractBeanFactory.doGetBean(AbstractBeanFactory.java:337) ~[spring-beans-6.2.7.jar:6.2.7]
	at org.springframework.beans.factory.support.AbstractBeanFactory.getBean(AbstractBeanFactory.java:202) ~[spring-beans-6.2.7.jar:6.2.7]
	at org.springframework.beans.factory.support.ConstructorResolver.instantiateUsingFactoryMethod(ConstructorResolver.java:413) ~[spring-beans-6.2.7.jar:6.2.7]
	at org.springframework.beans.factory.support.AbstractAutowireCapableBeanFactory.instantiateUsingFactoryMethod(AbstractAutowireCapableBeanFactory.java:1375) ~[spring-beans-6.2.7.jar:6.2.7]
	at org.springframework.beans.factory.support.AbstractAutowireCapableBeanFactory.createBeanInstance(AbstractAutowireCapableBeanFactory.java:1205) ~[spring-beans-6.2.7.jar:6.2.7]
	at org.springframework.beans.factory.support.AbstractAutowireCapableBeanFactory.doCreateBean(AbstractAutowireCapableBeanFactory.java:569) ~[spring-beans-6.2.7.jar:6.2.7]
	at org.springframework.beans.factory.support.AbstractAutowireCapableBeanFactory.createBean(AbstractAutowireCapableBeanFactory.java:529) ~[spring-beans-6.2.7.jar:6.2.7]
	at org.springframework.beans.factory.support.AbstractBeanFactory.lambda$doGetBean$0(AbstractBeanFactory.java:339) ~[spring-beans-6.2.7.jar:6.2.7]
	at org.springframework.beans.factory.support.DefaultSingletonBeanRegistry.getSingleton(DefaultSingletonBeanRegistry.java:373) ~[spring-beans-6.2.7.jar:6.2.7]
	at org.springframework.beans.factory.support.AbstractBeanFactory.doGetBean(AbstractBeanFactory.java:337) ~[spring-beans-6.2.7.jar:6.2.7]
	at org.springframework.beans.factory.support.AbstractBeanFactory.getBean(AbstractBeanFactory.java:207) ~[spring-beans-6.2.7.jar:6.2.7]
	at org.springframework.boot.web.servlet.ServletContextInitializerBeans.getOrderedBeansOfType(ServletContextInitializerBeans.java:230) ~[spring-boot-3.5.0.jar:3.5.0]
	at org.springframework.boot.web.servlet.ServletContextInitializerBeans.getOrderedBeansOfType(ServletContextInitializerBeans.java:221) ~[spring-boot-3.5.0.jar:3.5.0]
	at org.springframework.boot.web.servlet.ServletContextInitializerBeans.addServletContextInitializerBeans(ServletContextInitializerBeans.java:106) ~[spring-boot-3.5.0.jar:3.5.0]
	at org.springframework.boot.web.servlet.ServletContextInitializerBeans.<init>(ServletContextInitializerBeans.java:95) ~[spring-boot-3.5.0.jar:3.5.0]
	at org.springframework.boot.web.servlet.context.ServletWebServerApplicationContext.getServletContextInitializerBeans(ServletWebServerApplicationContext.java:271) ~[spring-boot-3.5.0.jar:3.5.0]
	at org.springframework.boot.web.servlet.context.ServletWebServerApplicationContext.selfInitialize(ServletWebServerApplicationContext.java:245) ~[spring-boot-3.5.0.jar:3.5.0]
	at org.springframework.boot.web.embedded.tomcat.TomcatStarter.onStartup(TomcatStarter.java:52) ~[spring-boot-3.5.0.jar:3.5.0]
	at org.apache.catalina.core.StandardContext.startInternal(StandardContext.java:4464) ~[tomcat-embed-core-10.1.41.jar:10.1.41]
	at org.apache.catalina.util.LifecycleBase.start(LifecycleBase.java:164) ~[tomcat-embed-core-10.1.41.jar:10.1.41]
	at org.apache.catalina.core.ContainerBase$StartChild.call(ContainerBase.java:1203) ~[tomcat-embed-core-10.1.41.jar:10.1.41]
	at org.apache.catalina.core.ContainerBase$StartChild.call(ContainerBase.java:1193) ~[tomcat-embed-core-10.1.41.jar:10.1.41]
	at java.base/java.util.concurrent.FutureTask.run(FutureTask.java:317) ~[na:na]
	at org.apache.tomcat.util.threads.InlineExecutorService.execute(InlineExecutorService.java:75) ~[tomcat-embed-core-10.1.41.jar:10.1.41]
	at java.base/java.util.concurrent.AbstractExecutorService.submit(AbstractExecutorService.java:145) ~[na:na]
	at org.apache.catalina.core.ContainerBase.startInternal(ContainerBase.java:749) ~[tomcat-embed-core-10.1.41.jar:10.1.41]
	at org.apache.catalina.core.StandardHost.startInternal(StandardHost.java:772) ~[tomcat-embed-core-10.1.41.jar:10.1.41]
	at org.apache.catalina.util.LifecycleBase.start(LifecycleBase.java:164) ~[tomcat-embed-core-10.1.41.jar:10.1.41]
	at org.apache.catalina.core.ContainerBase$StartChild.call(ContainerBase.java:1203) ~[tomcat-embed-core-10.1.41.jar:10.1.41]
	at org.apache.catalina.core.ContainerBase$StartChild.call(ContainerBase.java:1193) ~[tomcat-embed-core-10.1.41.jar:10.1.41]
	at java.base/java.util.concurrent.FutureTask.run(FutureTask.java:317) ~[na:na]
	at org.apache.tomcat.util.threads.InlineExecutorService.execute(InlineExecutorService.java:75) ~[tomcat-embed-core-10.1.41.jar:10.1.41]
	at java.base/java.util.concurrent.AbstractExecutorService.submit(AbstractExecutorService.java:145) ~[na:na]
	at org.apache.catalina.core.ContainerBase.startInternal(ContainerBase.java:749) ~[tomcat-embed-core-10.1.41.jar:10.1.41]
	at org.apache.catalina.core.StandardEngine.startInternal(StandardEngine.java:203) ~[tomcat-embed-core-10.1.41.jar:10.1.41]
	at org.apache.catalina.util.LifecycleBase.start(LifecycleBase.java:164) ~[tomcat-embed-core-10.1.41.jar:10.1.41]
	at org.apache.catalina.core.StandardService.startInternal(StandardService.java:412) ~[tomcat-embed-core-10.1.41.jar:10.1.41]
	at org.apache.catalina.util.LifecycleBase.start(LifecycleBase.java:164) ~[tomcat-embed-core-10.1.41.jar:10.1.41]
	at org.apache.catalina.core.StandardServer.startInternal(StandardServer.java:870) ~[tomcat-embed-core-10.1.41.jar:10.1.41]
	at org.apache.catalina.util.LifecycleBase.start(LifecycleBase.java:164) ~[tomcat-embed-core-10.1.41.jar:10.1.41]
	at org.apache.catalina.startup.Tomcat.start(Tomcat.java:438) ~[tomcat-embed-core-10.1.41.jar:10.1.41]
	at org.springframework.boot.web.embedded.tomcat.TomcatWebServer.initialize(TomcatWebServer.java:128) ~[spring-boot-3.5.0.jar:3.5.0]
	... 16 common frames omitted
Caused by: org.springframework.beans.factory.UnsatisfiedDependencyException: Error creating bean with name 'jwtAuthenticationFilter': Unsatisfied dependency expressed through field 'userSessionRepo': Error creating bean with name 'userSessionRepository' defined in com.sss.app.repository.UserSessionRepository defined in @EnableJpaRepositories declared on JpaRepositoriesRegistrar.EnableJpaRepositoriesConfiguration: Cannot resolve reference to bean 'jpaSharedEM_entityManagerFactory' while setting bean property 'entityManager'
	at org.springframework.beans.factory.annotation.AutowiredAnnotationBeanPostProcessor$AutowiredFieldElement.resolveFieldValue(AutowiredAnnotationBeanPostProcessor.java:788) ~[spring-beans-6.2.7.jar:6.2.7]
	at org.springframework.beans.factory.annotation.AutowiredAnnotationBeanPostProcessor$AutowiredFieldElement.inject(AutowiredAnnotationBeanPostProcessor.java:768) ~[spring-beans-6.2.7.jar:6.2.7]
	at org.springframework.beans.factory.annotation.InjectionMetadata.inject(InjectionMetadata.java:146) ~[spring-beans-6.2.7.jar:6.2.7]
	at org.springframework.beans.factory.annotation.AutowiredAnnotationBeanPostProcessor.postProcessProperties(AutowiredAnnotationBeanPostProcessor.java:509) ~[spring-beans-6.2.7.jar:6.2.7]
	at org.springframework.beans.factory.support.AbstractAutowireCapableBeanFactory.populateBean(AbstractAutowireCapableBeanFactory.java:1459) ~[spring-beans-6.2.7.jar:6.2.7]
	at org.springframework.beans.factory.support.AbstractAutowireCapableBeanFactory.doCreateBean(AbstractAutowireCapableBeanFactory.java:606) ~[spring-beans-6.2.7.jar:6.2.7]
	at org.springframework.beans.factory.support.AbstractAutowireCapableBeanFactory.createBean(AbstractAutowireCapableBeanFactory.java:529) ~[spring-beans-6.2.7.jar:6.2.7]
	at org.springframework.beans.factory.support.AbstractBeanFactory.lambda$doGetBean$0(AbstractBeanFactory.java:339) ~[spring-beans-6.2.7.jar:6.2.7]
	at org.springframework.beans.factory.support.DefaultSingletonBeanRegistry.getSingleton(DefaultSingletonBeanRegistry.java:373) ~[spring-beans-6.2.7.jar:6.2.7]
	at org.springframework.beans.factory.support.AbstractBeanFactory.doGetBean(AbstractBeanFactory.java:337) ~[spring-beans-6.2.7.jar:6.2.7]
	at org.springframework.beans.factory.support.AbstractBeanFactory.getBean(AbstractBeanFactory.java:202) ~[spring-beans-6.2.7.jar:6.2.7]
	at org.springframework.beans.factory.config.DependencyDescriptor.resolveCandidate(DependencyDescriptor.java:254) ~[spring-beans-6.2.7.jar:6.2.7]
	at org.springframework.beans.factory.support.DefaultListableBeanFactory.doResolveDependency(DefaultListableBeanFactory.java:1740) ~[spring-beans-6.2.7.jar:6.2.7]
	at org.springframework.beans.factory.support.DefaultListableBeanFactory.resolveDependency(DefaultListableBeanFactory.java:1628) ~[spring-beans-6.2.7.jar:6.2.7]
	at org.springframework.beans.factory.annotation.AutowiredAnnotationBeanPostProcessor$AutowiredFieldElement.resolveFieldValue(AutowiredAnnotationBeanPostProcessor.java:785) ~[spring-beans-6.2.7.jar:6.2.7]
	... 66 common frames omitted
Caused by: org.springframework.beans.factory.BeanCreationException: Error creating bean with name 'userSessionRepository' defined in com.sss.app.repository.UserSessionRepository defined in @EnableJpaRepositories declared on JpaRepositoriesRegistrar.EnableJpaRepositoriesConfiguration: Cannot resolve reference to bean 'jpaSharedEM_entityManagerFactory' while setting bean property 'entityManager'
	at org.springframework.beans.factory.support.BeanDefinitionValueResolver.resolveReference(BeanDefinitionValueResolver.java:377) ~[spring-beans-6.2.7.jar:6.2.7]
	at org.springframework.beans.factory.support.BeanDefinitionValueResolver.resolveValueIfNecessary(BeanDefinitionValueResolver.java:135) ~[spring-beans-6.2.7.jar:6.2.7]
	at org.springframework.beans.factory.support.AbstractAutowireCapableBeanFactory.applyPropertyValues(AbstractAutowireCapableBeanFactory.java:1725) ~[spring-beans-6.2.7.jar:6.2.7]
	at org.springframework.beans.factory.support.AbstractAutowireCapableBeanFactory.populateBean(AbstractAutowireCapableBeanFactory.java:1474) ~[spring-beans-6.2.7.jar:6.2.7]
	at org.springframework.beans.factory.support.AbstractAutowireCapableBeanFactory.doCreateBean(AbstractAutowireCapableBeanFactory.java:606) ~[spring-beans-6.2.7.jar:6.2.7]
	at org.springframework.beans.factory.support.AbstractAutowireCapableBeanFactory.createBean(AbstractAutowireCapableBeanFactory.java:529) ~[spring-beans-6.2.7.jar:6.2.7]
	at org.springframework.beans.factory.support.AbstractBeanFactory.lambda$doGetBean$0(AbstractBeanFactory.java:339) ~[spring-beans-6.2.7.jar:6.2.7]
	at org.springframework.beans.factory.support.DefaultSingletonBeanRegistry.getSingleton(DefaultSingletonBeanRegistry.java:373) ~[spring-beans-6.2.7.jar:6.2.7]
	at org.springframework.beans.factory.support.AbstractBeanFactory.doGetBean(AbstractBeanFactory.java:337) ~[spring-beans-6.2.7.jar:6.2.7]
	at org.springframework.beans.factory.support.AbstractBeanFactory.getBean(AbstractBeanFactory.java:202) ~[spring-beans-6.2.7.jar:6.2.7]
	at org.springframework.beans.factory.config.DependencyDescriptor.resolveCandidate(DependencyDescriptor.java:254) ~[spring-beans-6.2.7.jar:6.2.7]
	at org.springframework.beans.factory.support.DefaultListableBeanFactory.doResolveDependency(DefaultListableBeanFactory.java:1740) ~[spring-beans-6.2.7.jar:6.2.7]
	at org.springframework.beans.factory.support.DefaultListableBeanFactory.resolveDependency(DefaultListableBeanFactory.java:1628) ~[spring-beans-6.2.7.jar:6.2.7]
	at org.springframework.beans.factory.annotation.AutowiredAnnotationBeanPostProcessor$AutowiredFieldElement.resolveFieldValue(AutowiredAnnotationBeanPostProcessor.java:785) ~[spring-beans-6.2.7.jar:6.2.7]
	... 80 common frames omitted
Caused by: org.springframework.beans.factory.BeanCreationException: Error creating bean with name 'jpaSharedEM_entityManagerFactory': Cannot resolve reference to bean 'entityManagerFactory' while setting constructor argument
	at org.springframework.beans.factory.support.BeanDefinitionValueResolver.resolveReference(BeanDefinitionValueResolver.java:377) ~[spring-beans-6.2.7.jar:6.2.7]
	at org.springframework.beans.factory.support.BeanDefinitionValueResolver.resolveValueIfNecessary(BeanDefinitionValueResolver.java:135) ~[spring-beans-6.2.7.jar:6.2.7]
	at org.springframework.beans.factory.support.ConstructorResolver.resolveConstructorArguments(ConstructorResolver.java:691) ~[spring-beans-6.2.7.jar:6.2.7]
	at org.springframework.beans.factory.support.ConstructorResolver.instantiateUsingFactoryMethod(ConstructorResolver.java:513) ~[spring-beans-6.2.7.jar:6.2.7]
	at org.springframework.beans.factory.support.AbstractAutowireCapableBeanFactory.instantiateUsingFactoryMethod(AbstractAutowireCapableBeanFactory.java:1375) ~[spring-beans-6.2.7.jar:6.2.7]
	at org.springframework.beans.factory.support.AbstractAutowireCapableBeanFactory.createBeanInstance(AbstractAutowireCapableBeanFactory.java:1205) ~[spring-beans-6.2.7.jar:6.2.7]
	at org.springframework.beans.factory.support.AbstractAutowireCapableBeanFactory.doCreateBean(AbstractAutowireCapableBeanFactory.java:569) ~[spring-beans-6.2.7.jar:6.2.7]
	at org.springframework.beans.factory.support.AbstractAutowireCapableBeanFactory.createBean(AbstractAutowireCapableBeanFactory.java:529) ~[spring-beans-6.2.7.jar:6.2.7]
	at org.springframework.beans.factory.support.AbstractBeanFactory.lambda$doGetBean$0(AbstractBeanFactory.java:339) ~[spring-beans-6.2.7.jar:6.2.7]
	at org.springframework.beans.factory.support.DefaultSingletonBeanRegistry.getSingleton(DefaultSingletonBeanRegistry.java:373) ~[spring-beans-6.2.7.jar:6.2.7]
	at org.springframework.beans.factory.support.AbstractBeanFactory.doGetBean(AbstractBeanFactory.java:337) ~[spring-beans-6.2.7.jar:6.2.7]
	at org.springframework.beans.factory.support.AbstractBeanFactory.getBean(AbstractBeanFactory.java:202) ~[spring-beans-6.2.7.jar:6.2.7]
	at org.springframework.beans.factory.support.BeanDefinitionValueResolver.resolveReference(BeanDefinitionValueResolver.java:365) ~[spring-beans-6.2.7.jar:6.2.7]
	... 93 common frames omitted
Caused by: org.springframework.beans.factory.BeanCreationException: Error creating bean with name 'flywayInitializer' defined in class path resource [org/springframework/boot/autoconfigure/flyway/FlywayAutoConfiguration$FlywayConfiguration.class]: Unable to obtain connection from database: FATAL: password authentication failed for user "${DB_USERNAME}"
----------------------------------------------------------------------------------------------------------
SQL State  : 28P01
Error Code : 0
Message    : FATAL: password authentication failed for user "${DB_USERNAME}"

	at org.springframework.beans.factory.support.AbstractAutowireCapableBeanFactory.initializeBean(AbstractAutowireCapableBeanFactory.java:1826) ~[spring-beans-6.2.7.jar:6.2.7]
	at org.springframework.beans.factory.support.AbstractAutowireCapableBeanFactory.doCreateBean(AbstractAutowireCapableBeanFactory.java:607) ~[spring-beans-6.2.7.jar:6.2.7]
	at org.springframework.beans.factory.support.AbstractAutowireCapableBeanFactory.createBean(AbstractAutowireCapableBeanFactory.java:529) ~[spring-beans-6.2.7.jar:6.2.7]
	at org.springframework.beans.factory.support.AbstractBeanFactory.lambda$doGetBean$0(AbstractBeanFactory.java:339) ~[spring-beans-6.2.7.jar:6.2.7]
	at org.springframework.beans.factory.support.DefaultSingletonBeanRegistry.getSingleton(DefaultSingletonBeanRegistry.java:373) ~[spring-beans-6.2.7.jar:6.2.7]
	at org.springframework.beans.factory.support.AbstractBeanFactory.doGetBean(AbstractBeanFactory.java:337) ~[spring-beans-6.2.7.jar:6.2.7]
	at org.springframework.beans.factory.support.AbstractBeanFactory.getBean(AbstractBeanFactory.java:202) ~[spring-beans-6.2.7.jar:6.2.7]
	at org.springframework.beans.factory.support.AbstractBeanFactory.doGetBean(AbstractBeanFactory.java:315) ~[spring-beans-6.2.7.jar:6.2.7]
	at org.springframework.beans.factory.support.AbstractBeanFactory.getBean(AbstractBeanFactory.java:202) ~[spring-beans-6.2.7.jar:6.2.7]
	at org.springframework.beans.factory.support.BeanDefinitionValueResolver.resolveReference(BeanDefinitionValueResolver.java:365) ~[spring-beans-6.2.7.jar:6.2.7]
	... 105 common frames omitted
Caused by: org.flywaydb.core.internal.exception.FlywaySqlException: Unable to obtain connection from database: FATAL: password authentication failed for user "${DB_USERNAME}"
----------------------------------------------------------------------------------------------------------
SQL State  : 28P01
Error Code : 0
Message    : FATAL: password authentication failed for user "${DB_USERNAME}"

	at org.flywaydb.core.internal.jdbc.JdbcUtils.openConnection(JdbcUtils.java:71) ~[flyway-core-11.7.2.jar:na]
	at org.flywaydb.core.internal.jdbc.JdbcConnectionFactory.<init>(JdbcConnectionFactory.java:76) ~[flyway-core-11.7.2.jar:na]
	at org.flywaydb.core.FlywayExecutor.execute(FlywayExecutor.java:136) ~[flyway-core-11.7.2.jar:na]
	at org.flywaydb.core.Flyway.migrate(Flyway.java:188) ~[flyway-core-11.7.2.jar:na]
	at org.springframework.boot.autoconfigure.flyway.FlywayMigrationInitializer.afterPropertiesSet(FlywayMigrationInitializer.java:66) ~[spring-boot-autoconfigure-3.5.0.jar:3.5.0]
	at org.springframework.beans.factory.support.AbstractAutowireCapableBeanFactory.invokeInitMethods(AbstractAutowireCapableBeanFactory.java:1873) ~[spring-beans-6.2.7.jar:6.2.7]
	at org.springframework.beans.factory.support.AbstractAutowireCapableBeanFactory.initializeBean(AbstractAutowireCapableBeanFactory.java:1822) ~[spring-beans-6.2.7.jar:6.2.7]
	... 114 common frames omitted
Caused by: org.postgresql.util.PSQLException: FATAL: password authentication failed for user "${DB_USERNAME}"
	at org.postgresql.core.v3.ConnectionFactoryImpl.doAuthentication(ConnectionFactoryImpl.java:704) ~[postgresql-42.7.5.jar:42.7.5]
	at org.postgresql.core.v3.ConnectionFactoryImpl.tryConnect(ConnectionFactoryImpl.java:213) ~[postgresql-42.7.5.jar:42.7.5]
	at org.postgresql.core.v3.ConnectionFactoryImpl.openConnectionImpl(ConnectionFactoryImpl.java:268) ~[postgresql-42.7.5.jar:42.7.5]
	at org.postgresql.core.ConnectionFactory.openConnection(ConnectionFactory.java:54) ~[postgresql-42.7.5.jar:42.7.5]
	at org.postgresql.jdbc.PgConnection.<init>(PgConnection.java:273) ~[postgresql-42.7.5.jar:42.7.5]
	at org.postgresql.Driver.makeConnection(Driver.java:446) ~[postgresql-42.7.5.jar:42.7.5]
	at org.postgresql.Driver.connect(Driver.java:298) ~[postgresql-42.7.5.jar:42.7.5]
	at com.zaxxer.hikari.util.DriverDataSource.getConnection(DriverDataSource.java:139) ~[HikariCP-6.3.0.jar:na]
	at com.zaxxer.hikari.pool.PoolBase.newConnection(PoolBase.java:368) ~[HikariCP-6.3.0.jar:na]
	at com.zaxxer.hikari.pool.PoolBase.newPoolEntry(PoolBase.java:205) ~[HikariCP-6.3.0.jar:na]
	at com.zaxxer.hikari.pool.HikariPool.createPoolEntry(HikariPool.java:483) ~[HikariCP-6.3.0.jar:na]
	at com.zaxxer.hikari.pool.HikariPool.checkFailFast(HikariPool.java:571) ~[HikariCP-6.3.0.jar:na]
	at com.zaxxer.hikari.pool.HikariPool.<init>(HikariPool.java:101) ~[HikariCP-6.3.0.jar:na]
	at com.zaxxer.hikari.HikariDataSource.getConnection(HikariDataSource.java:111) ~[HikariCP-6.3.0.jar:na]
	at org.flywaydb.core.internal.jdbc.JdbcUtils.openConnection(JdbcUtils.java:59) ~[flyway-core-11.7.2.jar:na]
	... 120 common frames omitted

[INFO] ------------------------------------------------------------------------
[INFO] BUILD SUCCESS
[INFO] ------------------------------------------------------------------------
[INFO] Total time:  12.738 s
[INFO] Finished at: 2026-08-05T14:14:30+05:30
[INFO] ------------------------------------------------------------------------
                                                                                                                                                                                                                                                                                                                                                                                                                                                                                                                                                                                                                                                                                                                                                                                                                                                                                                                                                                                                                                                                                                                                                                                                                                                                                                                                                                                                                                                                                                                                                                                                                                                                                                                                                                                                                                                                                                                                                                                                                                                                                                                                                                                                                                                                                                                                                                                                                                                                                                                                                                                                                                                                                                                                                                                                                                                                                                                                                                                                                                                                                                                                                                                                                                                                                                                                                                                                                                                                                                                                                                                                                                                                                                                                                                                                                                                                                                                                                                                                                                                                                                                                                                                                                                                                                                                                                                                                                                                                                                                                                                                                                                                                                                                                                                                                                                                                                                                                                                                                                                                                                                                                                                                                                                                                                                                                                                                                                                                                                                                                                                                                                                                                                                                                                                                                                                                                                                                                                                                                                                                                                                                                                                                                                                                                                                                                                                                                                                                                                                                                                                                                                                                                                                                                                                                                                                                                                                                                                                                                                                                                                                                                                                                                                                                                                                                                                                                                                                                                                                                                                                                                                                                                                                                                                                                                                                                                                                                                                                                                                                                                                                                                                                                                                                                                                                                                                                                                                                                                                                                                                                                                                                                                                                                                                                                                                                                                                                                                                                                                                                                                                                                                                                                                                                                                                                                                                                                                                                                                                                                                                                                                                                                                                                                                                                                                                                                                                                                                                                                                                                                                                                                                                                                                                                                                                                                                                                                                                                                                                                                                                                                                                                                                                                                                                                                                                                                                                                                                                                                                                                                                                                                                                                                                                                                                                                                                                                                                                                                                                                                                                                                                                                                                                                                                                                                                                                                                                                                                                                                                                                                                                                                                                                                                                                                                                                                                                                                                                                                                                                                                                                                                                                                                                                                                                                                                                                                                                                                                                                                                                                                                                                                                                                                                                                                                                                                                                                                                                                                                                                                                                                                                                                                                                                                                                                                                                                                                                                                                                                                                                                                                                                                                                                                                                                                                                                                                                                                                                                                                                                                                                                                                                                                                                                                                                                                                                                                                                                                                                                                                                                                                                                                                                                                                                                                                                                                                                                                                                                                                                                                                                                                                                                                                                                                                                                                                                                                                                                                                                                                                                                                                                                                                                                                                                                                                                                                                                                                                                                                                                                                                                                                                                                                                                                                                                                                                                                                                                                                                                                                                                                                                                                                                                                                                                                                                                                                                                                                                                                                                                                                                                                                                                                                                                                                                                                                                                                                                                                                                                                                                                                                                                                                                                                                                                                                                                                                                                                                                                                                                                                                                                                                                                                                                                                                                                                                                                                                                                                                                                                                                                                                                                                                                                                                                                                                                                                                                                                                                                                                                                                                                                                                                                                                                                                                                                                                                                                                                                                                                                                                                                                                                                                                                                                                                                                                                                                                                                                                                                                                                                                                                                                                                                                                                                                                                                                                                                                                                                                                                                                                                                                                                                                                                                                                                                                                                                                                                                                                                                                                                                                                                                                                                                                                                                                                                                                                                                                                                                                                                                                                                                                                                                                                                                                                                                                                                                                                                                                                                                                                                                                                                                                                                                                                                                                                                                                                                                                                                                                                                                                                                                                                                                                                                                                                                                                                                                                                                                                                                                                                                                                                                                                                                                                                                                                                                                                                                                                                                                                                                                                                                                                                                                                                                                                                                                                                                                                                                                                                                                                                                                                                                                                                                                                                                                                                                                                                                                                                                                                                                                                                                                                                                                                                                                                                                                                                                                                                                                                                                                                                                                                                                                                                                                                                                                                                                                                                                                                                                                                                                                                                                                                                                                                                                                                                                                                                                                                                                                                                                                                                                                                                                                                                                                                                                                                                                                                                                                                                                                                                                                                                                                                                                                                                                                                                                                                                                                                                                                                                                                                                                                                                                                                                                                                                                                                                                                                                                                                                                                                                                                                                                                                                                                                                                                                                                                                                                                                                                                                                                                                                                                                                                                                                                                                                                                                                                                                                                                                                                                                                                                                                                                                                                                                                                                                                                                                                                                                                                                                                                                                                                                                                                                                                                                                                                                                                                                                                                                                                                                                                                                                                                                                                                                                                                                                                                                                                                                                                                                                                                                                                                                                                                                                                                                                                                                                                                                                                                                                                                                                                                                                                                                                                                                                                                                                                                                                                                                                                                                                                                                                                                                                                                                                                                                                                                                                                                                                                                                                                                                                                                                                                                                                                                                                                                                                                                                                                                                                                                                                                                                                                                                                                                                                                                                                                                                                                                                                                                                                                                                                                                                                                                                                                                                                                                                                                                                                                                                                                                                                                                                                                                                                                                                                                                                                                                                                                                                                                                                                                                                                                                                                                                                                                                                                                                                                                                                                                                                                                                                                                                                                                                                                                                                                                                                                                                                                                                                                                                                                                                                                                                                                                                                                                                                                                                                                                                                                                                                                                                                                                                                                                                                                                                                                                                                                                                                                                                                                                                                                                                                                                                                                                                                                                                                                                                                                                                                                                                                                                                                                                                                                                                                                                                                                                                                                                                                                                                                                                                                                                                                                                                                                                                                                                                                                                                                                                                                                                                                                                                                                                                                                                                                                                                                                                                                                                                                                                                                                                                                                                                                                                                                                                                                                                                                                                                                                                                                                                                                                                                                                                                                                                                                                                                                                                                                                                                                                                                                                                                                                                                                                                                                                                                                                                                                                                                                                                                                                                                                                                                                                                                                                                                                                                                                                                                                                                                                                                                                                                                                                                                                                                                                                                                                                                                                                                                                                                                                                                                                                                                                                                                                                                                                                                                                                                                                                                                                                                                                                                                                                                                                                                                                                                                                                                                                                                                                                                                                                                                                                                                                                                                                                                                                                                                                                                                                                                                                                                                                                                                                                                                                                                                                                                                                                                                                                                                                                                                                                                                                                                                                                                                                                                                                                                                                                                                                                                                                                                                                                                                                                                                                                                                                                                                                                                                                                                                                                                                                                                                                                                                                                                                                                                                                                                                                                                                                                                                                                                                                                                                                                                                                                                                                                                                                                                                                                                                                                                                                                                                                                                                                                                                                                                                                                                                                                                                                                                                                                                                                                                                                                                                                                                                                                                                                                                                                                                                                                                                                                                                                                                                                                                                                                                                                                                                                                                                                                                                                                                                                                                                                                                                                                                                                                                                                                                                                                                                                                                                                                                                                                                                                                                                                                                                                                                                                                                                                                                                                                                                                                                                                                                                                                                                                                                                                                                                                                                                                                                                                                                                                                                                                                                                                                                                                                                                                                                                                                                                                                                                                                                                                                                                                                                                                                                                                                                                                                                                                                                                                                                                                                                                                                                                                                                                                                                                                                                                                                                                                                                                                                                                                                                                                                                                                                                                                          
  .   ____          _            __ _ _
 /\\ / ___'_ __ _ _(_)_ __  __ _ \ \ \ \
( ( )\___ | '_ | '_| | '_ \/ _` | \ \ \ \
 \\/  ___)| |_)| | | | | || (_| |  ) ) ) )
  '  |____| .__|_| |_|_| |_\__, | / / / /
 =========|_|==============|___/=/_/_/_/

 :: Spring Boot ::                (v3.5.0)

2026-08-05T15:40:05.254+05:30  INFO 16768 --- [sss-server] [  restartedMain] com.sss.app.SssAppApplication            : Starting SssAppApplication using Java 24.0.1 with PID 16768 (C:\Users\sacch\Documents\sss\development\backend\sss-server\target\classes started by sacch in C:\Users\sacch\Documents\sss\development\backend\sss-server)
2026-08-05T15:40:05.257+05:30  INFO 16768 --- [sss-server] [  restartedMain] com.sss.app.SssAppApplication            : No active profile set, falling back to 1 default profile: "default"
2026-08-05T15:40:14.793+05:30  INFO 16768 --- [sss-server] [  restartedMain] .s.d.r.c.RepositoryConfigurationDelegate : Multiple Spring Data modules found, entering strict repository configuration mode
2026-08-05T15:40:14.794+05:30  INFO 16768 --- [sss-server] [  restartedMain] .s.d.r.c.RepositoryConfigurationDelegate : Bootstrapping Spring Data JPA repositories in DEFAULT mode.
2026-08-05T15:40:15.471+05:30  INFO 16768 --- [sss-server] [  restartedMain] .s.d.r.c.RepositoryConfigurationDelegate : Finished Spring Data repository scanning in 653 ms. Found 0 JPA repository interfaces.
2026-08-05T15:40:15.512+05:30  INFO 16768 --- [sss-server] [  restartedMain] .s.d.r.c.RepositoryConfigurationDelegate : Multiple Spring Data modules found, entering strict repository configuration mode
2026-08-05T15:40:15.528+05:30  INFO 16768 --- [sss-server] [  restartedMain] .s.d.r.c.RepositoryConfigurationDelegate : Bootstrapping Spring Data Redis repositories in DEFAULT mode.
2026-08-05T15:40:16.488+05:30  INFO 16768 --- [sss-server] [  restartedMain] .s.d.r.c.RepositoryConfigurationDelegate : Finished Spring Data repository scanning in 942 ms. Found 0 Redis repository interfaces.
2026-08-05T15:40:20.221+05:30  INFO 16768 --- [sss-server] [  restartedMain] o.s.b.w.embedded.tomcat.TomcatWebServer  : Tomcat initialized with port 8080 (http)
2026-08-05T15:40:20.541+05:30  INFO 16768 --- [sss-server] [  restartedMain] o.apache.catalina.core.StandardService   : Starting service [Tomcat]
2026-08-05T15:40:20.545+05:30  INFO 16768 --- [sss-server] [  restartedMain] o.apache.catalina.core.StandardEngine    : Starting Servlet engine: [Apache Tomcat/10.1.41]
2026-08-05T15:40:21.367+05:30  INFO 16768 --- [sss-server] [  restartedMain] o.a.c.c.C.[Tomcat-3].[localhost].[/sss]  : Initializing Spring embedded WebApplicationContext
2026-08-05T15:40:21.393+05:30  INFO 16768 --- [sss-server] [  restartedMain] w.s.c.ServletWebServerApplicationContext : Root WebApplicationContext: initialization completed in 15986 ms
2026-08-05T15:40:22.240+05:30  INFO 16768 --- [sss-server] [  restartedMain] com.zaxxer.hikari.HikariDataSource       : HikariPool-6 - Starting...
2026-08-05T15:40:25.263+05:30  INFO 16768 --- [sss-server] [  restartedMain] com.zaxxer.hikari.pool.HikariPool        : HikariPool-6 - Added connection org.postgresql.jdbc.PgConnection@3eea3e2a
2026-08-05T15:40:25.307+05:30  INFO 16768 --- [sss-server] [  restartedMain] com.zaxxer.hikari.HikariDataSource       : HikariPool-6 - Start completed.
2026-08-05T15:40:25.519+05:30  INFO 16768 --- [sss-server] [  restartedMain] org.flywaydb.core.FlywayExecutor         : Database: jdbc:postgresql://sss-db-3.cniiyyk2y5un.eu-north-1.rds.amazonaws.com:5432/sssdb (PostgreSQL 18.3)
2026-08-05T15:40:27.187+05:30  WARN 16768 --- [sss-server] [  restartedMain] o.f.c.internal.database.base.Database    : Flyway upgrade recommended: PostgreSQL 18.3 is newer than this version of Flyway and support has not been tested. The latest supported version of PostgreSQL is 17.
2026-08-05T15:40:30.027+05:30  INFO 16768 --- [sss-server] [  restartedMain] o.f.core.internal.command.DbValidate     : Successfully validated 43 migrations (execution time 00:02.563s)
2026-08-05T15:40:32.972+05:30  INFO 16768 --- [sss-server] [  restartedMain] o.f.core.internal.command.DbMigrate      : Current version of schema "public": 42
2026-08-05T15:40:33.214+05:30  INFO 16768 --- [sss-server] [  restartedMain] o.f.core.internal.command.DbMigrate      : Schema "public" is up to date. No migration necessary.
2026-08-05T15:40:35.377+05:30  INFO 16768 --- [sss-server] [  restartedMain] o.hibernate.jpa.internal.util.LogHelper  : HHH000204: Processing PersistenceUnitInfo [name: default]
2026-08-05T15:40:35.431+05:30  INFO 16768 --- [sss-server] [  restartedMain] o.h.c.internal.RegionFactoryInitiator    : HHH000026: Second-level cache disabled
2026-08-05T15:40:35.803+05:30  INFO 16768 --- [sss-server] [  restartedMain] o.s.o.j.p.SpringPersistenceUnitInfo      : No LoadTimeWeaver setup: ignoring JPA class transformer
2026-08-05T15:40:36.332+05:30  WARN 16768 --- [sss-server] [  restartedMain] org.hibernate.orm.deprecation            : HHH90000025: PostgreSQLDialect does not need to be specified explicitly using 'hibernate.dialect' (remove the property setting and it will be selected by default)
2026-08-05T15:40:36.831+05:30  INFO 16768 --- [sss-server] [  restartedMain] org.hibernate.orm.connections.pooling    : HHH10001005: Database info:
	Database JDBC URL [Connecting through datasource 'HikariDataSource (HikariPool-6)']
	Database driver: undefined/unknown
	Database version: 18.3
	Autocommit mode: undefined/unknown
	Isolation level: undefined/unknown
	Minimum pool size: undefined/unknown
	Maximum pool size: undefined/unknown
2026-08-05T15:40:37.580+05:30  INFO 16768 --- [sss-server] [  restartedMain] o.h.e.t.j.p.i.JtaPlatformInitiator       : HHH000489: No JTA platform available (set 'hibernate.transaction.jta.platform' to enable JTA platform integration)
2026-08-05T15:40:37.590+05:30  INFO 16768 --- [sss-server] [  restartedMain] j.LocalContainerEntityManagerFactoryBean : Initialized JPA EntityManagerFactory for persistence unit 'default'
2026-08-05T15:40:38.144+05:30  WARN 16768 --- [sss-server] [  restartedMain] ConfigServletWebServerApplicationContext : Exception encountered during context initialization - cancelling refresh attempt: org.springframework.beans.factory.BeanCreationException: Error creating bean with name 'jpaAuditingHandler': Cannot create inner bean '(inner bean)#25dbf3aa' of type [org.springframework.aop.framework.ProxyFactoryBean] while setting bean property 'auditorAware'
2026-08-05T15:40:38.150+05:30  INFO 16768 --- [sss-server] [  restartedMain] j.LocalContainerEntityManagerFactoryBean : Closing JPA EntityManagerFactory for persistence unit 'default'
2026-08-05T15:40:38.158+05:30  INFO 16768 --- [sss-server] [  restartedMain] com.zaxxer.hikari.HikariDataSource       : HikariPool-6 - Shutdown initiated...
2026-08-05T15:40:39.792+05:30  INFO 16768 --- [sss-server] [  restartedMain] com.zaxxer.hikari.HikariDataSource       : HikariPool-6 - Shutdown completed.
2026-08-05T15:40:39.921+05:30  INFO 16768 --- [sss-server] [  restartedMain] o.apache.catalina.core.StandardService   : Stopping service [Tomcat]
2026-08-05T15:40:40.172+05:30  INFO 16768 --- [sss-server] [  restartedMain] .s.b.a.l.ConditionEvaluationReportLogger : 

Error starting ApplicationContext. To display the condition evaluation report re-run your application with 'debug' enabled.
2026-08-05T15:40:40.766+05:30 ERROR 16768 --- [sss-server] [  restartedMain] o.s.b.d.LoggingFailureAnalysisReporter   : 

***************************
APPLICATION FAILED TO START
***************************

Description:

A component required a bean named 'auditorAware' that could not be found.


Action:

Consider defining a bean named 'auditorAware' in your configuration.


  .   ____          _            __ _ _
 /\\ / ___'_ __ _ _(_)_ __  __ _ \ \ \ \
( ( )\___ | '_ | '_| | '_ \/ _` | \ \ \ \
 \\/  ___)| |_)| | | | | || (_| |  ) ) ) )
  '  |____| .__|_| |_|_| |_\__, | / / / /
 =========|_|==============|___/=/_/_/_/

 :: Spring Boot ::                (v3.5.0)

2026-08-05T15:42:11.308+05:30  INFO 16768 --- [sss-server] [  restartedMain] com.sss.app.SssAppApplication            : Starting SssAppApplication using Java 24.0.1 with PID 16768 (C:\Users\sacch\Documents\sss\development\backend\sss-server\target\classes started by sacch in C:\Users\sacch\Documents\sss\development\backend\sss-server)
2026-08-05T15:42:11.314+05:30  INFO 16768 --- [sss-server] [  restartedMain] com.sss.app.SssAppApplication            : No active profile set, falling back to 1 default profile: "default"
2026-08-05T15:42:14.748+05:30  INFO 16768 --- [sss-server] [  restartedMain] .s.d.r.c.RepositoryConfigurationDelegate : Multiple Spring Data modules found, entering strict repository configuration mode
2026-08-05T15:42:14.780+05:30  INFO 16768 --- [sss-server] [  restartedMain] .s.d.r.c.RepositoryConfigurationDelegate : Bootstrapping Spring Data JPA repositories in DEFAULT mode.
2026-08-05T15:42:18.828+05:30  INFO 16768 --- [sss-server] [  restartedMain] .s.d.r.c.RepositoryConfigurationDelegate : Finished Spring Data repository scanning in 4045 ms. Found 44 JPA repository interfaces.
2026-08-05T15:42:19.081+05:30  INFO 16768 --- [sss-server] [  restartedMain] .s.d.r.c.RepositoryConfigurationDelegate : Multiple Spring Data modules found, entering strict repository configuration mode
2026-08-05T15:42:19.122+05:30  INFO 16768 --- [sss-server] [  restartedMain] .s.d.r.c.RepositoryConfigurationDelegate : Bootstrapping Spring Data Redis repositories in DEFAULT mode.
2026-08-05T15:42:20.740+05:30  INFO 16768 --- [sss-server] [  restartedMain] .RepositoryConfigurationExtensionSupport : Spring Data Redis - Could not safely identify store assignment for repository candidate interface com.sss.app.repository.address.AddressConstraintRepository; If you want this repository to be a Redis repository, consider annotating your entities with one of these annotations: org.springframework.data.redis.core.RedisHash (preferred), or consider extending one of the following types with your repository: org.springframework.data.keyvalue.repository.KeyValueRepository
2026-08-05T15:42:20.748+05:30  INFO 16768 --- [sss-server] [  restartedMain] .RepositoryConfigurationExtensionSupport : Spring Data Redis - Could not safely identify store assignment for repository candidate interface com.sss.app.repository.address.AddressRepository; If you want this repository to be a Redis repository, consider annotating your entities with one of these annotations: org.springframework.data.redis.core.RedisHash (preferred), or consider extending one of the following types with your repository: org.springframework.data.keyvalue.repository.KeyValueRepository
2026-08-05T15:42:20.748+05:30  INFO 16768 --- [sss-server] [  restartedMain] .RepositoryConfigurationExtensionSupport : Spring Data Redis - Could not safely identify store assignment for repository candidate interface com.sss.app.repository.assignment.PriorityCalendarEntryRepository; If you want this repository to be a Redis repository, consider annotating your entities with one of these annotations: org.springframework.data.redis.core.RedisHash (preferred), or consider extending one of the following types with your repository: org.springframework.data.keyvalue.repository.KeyValueRepository
2026-08-05T15:42:20.757+05:30  INFO 16768 --- [sss-server] [  restartedMain] .RepositoryConfigurationExtensionSupport : Spring Data Redis - Could not safely identify store assignment for repository candidate interface com.sss.app.repository.audit.AuditLogRepository; If you want this repository to be a Redis repository, consider annotating your entities with one of these annotations: org.springframework.data.redis.core.RedisHash (preferred), or consider extending one of the following types with your repository: org.springframework.data.keyvalue.repository.KeyValueRepository
2026-08-05T15:42:20.759+05:30  INFO 16768 --- [sss-server] [  restartedMain] .RepositoryConfigurationExtensionSupport : Spring Data Redis - Could not safely identify store assignment for repository candidate interface com.sss.app.repository.BankAccountRepository; If you want this repository to be a Redis repository, consider annotating your entities with one of these annotations: org.springframework.data.redis.core.RedisHash (preferred), or consider extending one of the following types with your repository: org.springframework.data.keyvalue.repository.KeyValueRepository
2026-08-05T15:42:20.760+05:30  INFO 16768 --- [sss-server] [  restartedMain] .RepositoryConfigurationExtensionSupport : Spring Data Redis - Could not safely identify store assignment for repository candidate interface com.sss.app.repository.deal.DealRepository; If you want this repository to be a Redis repository, consider annotating your entities with one of these annotations: org.springframework.data.redis.core.RedisHash (preferred), or consider extending one of the following types with your repository: org.springframework.data.keyvalue.repository.KeyValueRepository
2026-08-05T15:42:20.762+05:30  INFO 16768 --- [sss-server] [  restartedMain] .RepositoryConfigurationExtensionSupport : Spring Data Redis - Could not safely identify store assignment for repository candidate interface com.sss.app.repository.escape.EscapeRepository; If you want this repository to be a Redis repository, consider annotating your entities with one of these annotations: org.springframework.data.redis.core.RedisHash (preferred), or consider extending one of the following types with your repository: org.springframework.data.keyvalue.repository.KeyValueRepository
2026-08-05T15:42:20.764+05:30  INFO 16768 --- [sss-server] [  restartedMain] .RepositoryConfigurationExtensionSupport : Spring Data Redis - Could not safely identify store assignment for repository candidate interface com.sss.app.repository.integration.IntegrationConnectionRepository; If you want this repository to be a Redis repository, consider annotating your entities with one of these annotations: org.springframework.data.redis.core.RedisHash (preferred), or consider extending one of the following types with your repository: org.springframework.data.keyvalue.repository.KeyValueRepository
2026-08-05T15:42:20.765+05:30  INFO 16768 --- [sss-server] [  restartedMain] .RepositoryConfigurationExtensionSupport : Spring Data Redis - Could not safely identify store assignment for repository candidate interface com.sss.app.repository.integration.meta.LeadImportAttemptRepository; If you want this repository to be a Redis repository, consider annotating your entities with one of these annotations: org.springframework.data.redis.core.RedisHash (preferred), or consider extending one of the following types with your repository: org.springframework.data.keyvalue.repository.KeyValueRepository
2026-08-05T15:42:20.767+05:30  INFO 16768 --- [sss-server] [  restartedMain] .RepositoryConfigurationExtensionSupport : Spring Data Redis - Could not safely identify store assignment for repository candidate interface com.sss.app.repository.integration.meta.LeadSourceMetadataRepository; If you want this repository to be a Redis repository, consider annotating your entities with one of these annotations: org.springframework.data.redis.core.RedisHash (preferred), or consider extending one of the following types with your repository: org.springframework.data.keyvalue.repository.KeyValueRepository
2026-08-05T15:42:20.770+05:30  INFO 16768 --- [sss-server] [  restartedMain] .RepositoryConfigurationExtensionSupport : Spring Data Redis - Could not safely identify store assignment for repository candidate interface com.sss.app.repository.integration.meta.MetaChannelConfigRepository; If you want this repository to be a Redis repository, consider annotating your entities with one of these annotations: org.springframework.data.redis.core.RedisHash (preferred), or consider extending one of the following types with your repository: org.springframework.data.keyvalue.repository.KeyValueRepository
2026-08-05T15:42:20.772+05:30  INFO 16768 --- [sss-server] [  restartedMain] .RepositoryConfigurationExtensionSupport : Spring Data Redis - Could not safely identify store assignment for repository candidate interface com.sss.app.repository.integration.meta.MetaFieldMappingRepository; If you want this repository to be a Redis repository, consider annotating your entities with one of these annotations: org.springframework.data.redis.core.RedisHash (preferred), or consider extending one of the following types with your repository: org.springframework.data.keyvalue.repository.KeyValueRepository
2026-08-05T15:42:20.772+05:30  INFO 16768 --- [sss-server] [  restartedMain] .RepositoryConfigurationExtensionSupport : Spring Data Redis - Could not safely identify store assignment for repository candidate interface com.sss.app.repository.integration.meta.MetaWebhookEventRepository; If you want this repository to be a Redis repository, consider annotating your entities with one of these annotations: org.springframework.data.redis.core.RedisHash (preferred), or consider extending one of the following types with your repository: org.springframework.data.keyvalue.repository.KeyValueRepository
2026-08-05T15:42:20.776+05:30  INFO 16768 --- [sss-server] [  restartedMain] .RepositoryConfigurationExtensionSupport : Spring Data Redis - Could not safely identify store assignment for repository candidate interface com.sss.app.repository.InvitationTokenRepository; If you want this repository to be a Redis repository, consider annotating your entities with one of these annotations: org.springframework.data.redis.core.RedisHash (preferred), or consider extending one of the following types with your repository: org.springframework.data.keyvalue.repository.KeyValueRepository
2026-08-05T15:42:20.776+05:30  INFO 16768 --- [sss-server] [  restartedMain] .RepositoryConfigurationExtensionSupport : Spring Data Redis - Could not safely identify store assignment for repository candidate interface com.sss.app.repository.itinerary.ItineraryContentItemRepository; If you want this repository to be a Redis repository, consider annotating your entities with one of these annotations: org.springframework.data.redis.core.RedisHash (preferred), or consider extending one of the following types with your repository: org.springframework.data.keyvalue.repository.KeyValueRepository
2026-08-05T15:42:20.777+05:30  INFO 16768 --- [sss-server] [  restartedMain] .RepositoryConfigurationExtensionSupport : Spring Data Redis - Could not safely identify store assignment for repository candidate interface com.sss.app.repository.itinerary.ItineraryItemRepository; If you want this repository to be a Redis repository, consider annotating your entities with one of these annotations: org.springframework.data.redis.core.RedisHash (preferred), or consider extending one of the following types with your repository: org.springframework.data.keyvalue.repository.KeyValueRepository
2026-08-05T15:42:20.778+05:30  INFO 16768 --- [sss-server] [  restartedMain] .RepositoryConfigurationExtensionSupport : Spring Data Redis - Could not safely identify store assignment for repository candidate interface com.sss.app.repository.itinerary.ItineraryRepository; If you want this repository to be a Redis repository, consider annotating your entities with one of these annotations: org.springframework.data.redis.core.RedisHash (preferred), or consider extending one of the following types with your repository: org.springframework.data.keyvalue.repository.KeyValueRepository
2026-08-05T15:42:20.779+05:30  INFO 16768 --- [sss-server] [  restartedMain] .RepositoryConfigurationExtensionSupport : Spring Data Redis - Could not safely identify store assignment for repository candidate interface com.sss.app.repository.lead.LeadRepository; If you want this repository to be a Redis repository, consider annotating your entities with one of these annotations: org.springframework.data.redis.core.RedisHash (preferred), or consider extending one of the following types with your repository: org.springframework.data.keyvalue.repository.KeyValueRepository
2026-08-05T15:42:20.780+05:30  INFO 16768 --- [sss-server] [  restartedMain] .RepositoryConfigurationExtensionSupport : Spring Data Redis - Could not safely identify store assignment for repository candidate interface com.sss.app.repository.library.activity.ActivityRepository; If you want this repository to be a Redis repository, consider annotating your entities with one of these annotations: org.springframework.data.redis.core.RedisHash (preferred), or consider extending one of the following types with your repository: org.springframework.data.keyvalue.repository.KeyValueRepository
2026-08-05T15:42:20.780+05:30  INFO 16768 --- [sss-server] [  restartedMain] .RepositoryConfigurationExtensionSupport : Spring Data Redis - Could not safely identify store assignment for repository candidate interface com.sss.app.repository.library.escapepoint.EscapePointRepository; If you want this repository to be a Redis repository, consider annotating your entities with one of these annotations: org.springframework.data.redis.core.RedisHash (preferred), or consider extending one of the following types with your repository: org.springframework.data.keyvalue.repository.KeyValueRepository
2026-08-05T15:42:20.781+05:30  INFO 16768 --- [sss-server] [  restartedMain] .RepositoryConfigurationExtensionSupport : Spring Data Redis - Could not safely identify store assignment for repository candidate interface com.sss.app.repository.library.escapesource.EscapeSourceRepository; If you want this repository to be a Redis repository, consider annotating your entities with one of these annotations: org.springframework.data.redis.core.RedisHash (preferred), or consider extending one of the following types with your repository: org.springframework.data.keyvalue.repository.KeyValueRepository
2026-08-05T15:42:20.782+05:30  INFO 16768 --- [sss-server] [  restartedMain] .RepositoryConfigurationExtensionSupport : Spring Data Redis - Could not safely identify store assignment for repository candidate interface com.sss.app.repository.library.hotel.HotelRepository; If you want this repository to be a Redis repository, consider annotating your entities with one of these annotations: org.springframework.data.redis.core.RedisHash (preferred), or consider extending one of the following types with your repository: org.springframework.data.keyvalue.repository.KeyValueRepository
2026-08-05T15:42:20.782+05:30  INFO 16768 --- [sss-server] [  restartedMain] .RepositoryConfigurationExtensionSupport : Spring Data Redis - Could not safely identify store assignment for repository candidate interface com.sss.app.repository.library.inclusionexlusion.InclusionExclusionRepository; If you want this repository to be a Redis repository, consider annotating your entities with one of these annotations: org.springframework.data.redis.core.RedisHash (preferred), or consider extending one of the following types with your repository: org.springframework.data.keyvalue.repository.KeyValueRepository
2026-08-05T15:42:20.784+05:30  INFO 16768 --- [sss-server] [  restartedMain] .RepositoryConfigurationExtensionSupport : Spring Data Redis - Could not safely identify store assignment for repository candidate interface com.sss.app.repository.library.location.LocationRepository; If you want this repository to be a Redis repository, consider annotating your entities with one of these annotations: org.springframework.data.redis.core.RedisHash (preferred), or consider extending one of the following types with your repository: org.springframework.data.keyvalue.repository.KeyValueRepository
2026-08-05T15:42:20.784+05:30  INFO 16768 --- [sss-server] [  restartedMain] .RepositoryConfigurationExtensionSupport : Spring Data Redis - Could not safely identify store assignment for repository candidate interface com.sss.app.repository.library.mealplan.MealPlanRepository; If you want this repository to be a Redis repository, consider annotating your entities with one of these annotations: org.springframework.data.redis.core.RedisHash (preferred), or consider extending one of the following types with your repository: org.springframework.data.keyvalue.repository.KeyValueRepository
2026-08-05T15:42:20.785+05:30  INFO 16768 --- [sss-server] [  restartedMain] .RepositoryConfigurationExtensionSupport : Spring Data Redis - Could not safely identify store assignment for repository candidate interface com.sss.app.repository.library.roomtype.RoomTypeRepository; If you want this repository to be a Redis repository, consider annotating your entities with one of these annotations: org.springframework.data.redis.core.RedisHash (preferred), or consider extending one of the following types with your repository: org.springframework.data.keyvalue.repository.KeyValueRepository
2026-08-05T15:42:20.785+05:30  INFO 16768 --- [sss-server] [  restartedMain] .RepositoryConfigurationExtensionSupport : Spring Data Redis - Could not safely identify store assignment for repository candidate interface com.sss.app.repository.library.serviceprovider.ServiceProviderRepository; If you want this repository to be a Redis repository, consider annotating your entities with one of these annotations: org.springframework.data.redis.core.RedisHash (preferred), or consider extending one of the following types with your repository: org.springframework.data.keyvalue.repository.KeyValueRepository
2026-08-05T15:42:20.786+05:30  INFO 16768 --- [sss-server] [  restartedMain] .RepositoryConfigurationExtensionSupport : Spring Data Redis - Could not safely identify store assignment for repository candidate interface com.sss.app.repository.library.transport.TransportRepository; If you want this repository to be a Redis repository, consider annotating your entities with one of these annotations: org.springframework.data.redis.core.RedisHash (preferred), or consider extending one of the following types with your repository: org.springframework.data.keyvalue.repository.KeyValueRepository
2026-08-05T15:42:20.797+05:30  INFO 16768 --- [sss-server] [  restartedMain] .RepositoryConfigurationExtensionSupport : Spring Data Redis - Could not safely identify store assignment for repository candidate interface com.sss.app.repository.OrganizationRepository; If you want this repository to be a Redis repository, consider annotating your entities with one of these annotations: org.springframework.data.redis.core.RedisHash (preferred), or consider extending one of the following types with your repository: org.springframework.data.keyvalue.repository.KeyValueRepository
2026-08-05T15:42:20.797+05:30  INFO 16768 --- [sss-server] [  restartedMain] .RepositoryConfigurationExtensionSupport : Spring Data Redis - Could not safely identify store assignment for repository candidate interface com.sss.app.repository.PasswordResetTokenRepository; If you want this repository to be a Redis repository, consider annotating your entities with one of these annotations: org.springframework.data.redis.core.RedisHash (preferred), or consider extending one of the following types with your repository: org.springframework.data.keyvalue.repository.KeyValueRepository
2026-08-05T15:42:20.814+05:30  INFO 16768 --- [sss-server] [  restartedMain] .RepositoryConfigurationExtensionSupport : Spring Data Redis - Could not safely identify store assignment for repository candidate interface com.sss.app.repository.payment.PaymentMilestoneRepository; If you want this repository to be a Redis repository, consider annotating your entities with one of these annotations: org.springframework.data.redis.core.RedisHash (preferred), or consider extending one of the following types with your repository: org.springframework.data.keyvalue.repository.KeyValueRepository
2026-08-05T15:42:20.815+05:30  INFO 16768 --- [sss-server] [  restartedMain] .RepositoryConfigurationExtensionSupport : Spring Data Redis - Could not safely identify store assignment for repository candidate interface com.sss.app.repository.permissions.PermissionRepository; If you want this repository to be a Redis repository, consider annotating your entities with one of these annotations: org.springframework.data.redis.core.RedisHash (preferred), or consider extending one of the following types with your repository: org.springframework.data.keyvalue.repository.KeyValueRepository
2026-08-05T15:42:20.815+05:30  INFO 16768 --- [sss-server] [  restartedMain] .RepositoryConfigurationExtensionSupport : Spring Data Redis - Could not safely identify store assignment for repository candidate interface com.sss.app.repository.permissions.RolePermissionRepository; If you want this repository to be a Redis repository, consider annotating your entities with one of these annotations: org.springframework.data.redis.core.RedisHash (preferred), or consider extending one of the following types with your repository: org.springframework.data.keyvalue.repository.KeyValueRepository
2026-08-05T15:42:20.822+05:30  INFO 16768 --- [sss-server] [  restartedMain] .RepositoryConfigurationExtensionSupport : Spring Data Redis - Could not safely identify store assignment for repository candidate interface com.sss.app.repository.quote.QuoteRepository; If you want this repository to be a Redis repository, consider annotating your entities with one of these annotations: org.springframework.data.redis.core.RedisHash (preferred), or consider extending one of the following types with your repository: org.springframework.data.keyvalue.repository.KeyValueRepository
2026-08-05T15:42:20.824+05:30  INFO 16768 --- [sss-server] [  restartedMain] .RepositoryConfigurationExtensionSupport : Spring Data Redis - Could not safely identify store assignment for repository candidate interface com.sss.app.repository.reminder.PaymentReminderLogRepository; If you want this repository to be a Redis repository, consider annotating your entities with one of these annotations: org.springframework.data.redis.core.RedisHash (preferred), or consider extending one of the following types with your repository: org.springframework.data.keyvalue.repository.KeyValueRepository
2026-08-05T15:42:20.847+05:30  INFO 16768 --- [sss-server] [  restartedMain] .RepositoryConfigurationExtensionSupport : Spring Data Redis - Could not safely identify store assignment for repository candidate interface com.sss.app.repository.reminder.ReminderRuleRepository; If you want this repository to be a Redis repository, consider annotating your entities with one of these annotations: org.springframework.data.redis.core.RedisHash (preferred), or consider extending one of the following types with your repository: org.springframework.data.keyvalue.repository.KeyValueRepository
2026-08-05T15:42:20.855+05:30  INFO 16768 --- [sss-server] [  restartedMain] .RepositoryConfigurationExtensionSupport : Spring Data Redis - Could not safely identify store assignment for repository candidate interface com.sss.app.repository.RoleRepository; If you want this repository to be a Redis repository, consider annotating your entities with one of these annotations: org.springframework.data.redis.core.RedisHash (preferred), or consider extending one of the following types with your repository: org.springframework.data.keyvalue.repository.KeyValueRepository
2026-08-05T15:42:20.855+05:30  INFO 16768 --- [sss-server] [  restartedMain] .RepositoryConfigurationExtensionSupport : Spring Data Redis - Could not safely identify store assignment for repository candidate interface com.sss.app.repository.system.CurrencyRepository; If you want this repository to be a Redis repository, consider annotating your entities with one of these annotations: org.springframework.data.redis.core.RedisHash (preferred), or consider extending one of the following types with your repository: org.springframework.data.keyvalue.repository.KeyValueRepository
2026-08-05T15:42:20.855+05:30  INFO 16768 --- [sss-server] [  restartedMain] .RepositoryConfigurationExtensionSupport : Spring Data Redis - Could not safely identify store assignment for repository candidate interface com.sss.app.repository.taxprofile.TaxProfileRepository; If you want this repository to be a Redis repository, consider annotating your entities with one of these annotations: org.springframework.data.redis.core.RedisHash (preferred), or consider extending one of the following types with your repository: org.springframework.data.keyvalue.repository.KeyValueRepository
2026-08-05T15:42:20.878+05:30  INFO 16768 --- [sss-server] [  restartedMain] .RepositoryConfigurationExtensionSupport : Spring Data Redis - Could not safely identify store assignment for repository candidate interface com.sss.app.repository.traveller.TravellerRepository; If you want this repository to be a Redis repository, consider annotating your entities with one of these annotations: org.springframework.data.redis.core.RedisHash (preferred), or consider extending one of the following types with your repository: org.springframework.data.keyvalue.repository.KeyValueRepository
2026-08-05T15:42:20.879+05:30  INFO 16768 --- [sss-server] [  restartedMain] .RepositoryConfigurationExtensionSupport : Spring Data Redis - Could not safely identify store assignment for repository candidate interface com.sss.app.repository.UserCredentialRepository; If you want this repository to be a Redis repository, consider annotating your entities with one of these annotations: org.springframework.data.redis.core.RedisHash (preferred), or consider extending one of the following types with your repository: org.springframework.data.keyvalue.repository.KeyValueRepository
2026-08-05T15:42:20.882+05:30  INFO 16768 --- [sss-server] [  restartedMain] .RepositoryConfigurationExtensionSupport : Spring Data Redis - Could not safely identify store assignment for repository candidate interface com.sss.app.repository.UserRepository; If you want this repository to be a Redis repository, consider annotating your entities with one of these annotations: org.springframework.data.redis.core.RedisHash (preferred), or consider extending one of the following types with your repository: org.springframework.data.keyvalue.repository.KeyValueRepository
2026-08-05T15:42:20.883+05:30  INFO 16768 --- [sss-server] [  restartedMain] .RepositoryConfigurationExtensionSupport : Spring Data Redis - Could not safely identify store assignment for repository candidate interface com.sss.app.repository.UserRoleLinkRepository; If you want this repository to be a Redis repository, consider annotating your entities with one of these annotations: org.springframework.data.redis.core.RedisHash (preferred), or consider extending one of the following types with your repository: org.springframework.data.keyvalue.repository.KeyValueRepository
2026-08-05T15:42:20.883+05:30  INFO 16768 --- [sss-server] [  restartedMain] .RepositoryConfigurationExtensionSupport : Spring Data Redis - Could not safely identify store assignment for repository candidate interface com.sss.app.repository.UserSessionRepository; If you want this repository to be a Redis repository, consider annotating your entities with one of these annotations: org.springframework.data.redis.core.RedisHash (preferred), or consider extending one of the following types with your repository: org.springframework.data.keyvalue.repository.KeyValueRepository
2026-08-05T15:42:20.883+05:30  INFO 16768 --- [sss-server] [  restartedMain] .s.d.r.c.RepositoryConfigurationDelegate : Finished Spring Data repository scanning in 1753 ms. Found 0 Redis repository interfaces.
2026-08-05T15:42:24.042+05:30  INFO 16768 --- [sss-server] [  restartedMain] o.s.b.w.embedded.tomcat.TomcatWebServer  : Tomcat initialized with port 8080 (http)
2026-08-05T15:42:24.136+05:30  INFO 16768 --- [sss-server] [  restartedMain] o.apache.catalina.core.StandardService   : Starting service [Tomcat]
2026-08-05T15:42:24.136+05:30  INFO 16768 --- [sss-server] [  restartedMain] o.apache.catalina.core.StandardEngine    : Starting Servlet engine: [Apache Tomcat/10.1.41]
2026-08-05T15:42:24.408+05:30  INFO 16768 --- [sss-server] [  restartedMain] o.a.c.c.C.[Tomcat-4].[localhost].[/sss]  : Initializing Spring embedded WebApplicationContext
2026-08-05T15:42:24.408+05:30  INFO 16768 --- [sss-server] [  restartedMain] w.s.c.ServletWebServerApplicationContext : Root WebApplicationContext: initialization completed in 13090 ms
2026-08-05T15:42:25.543+05:30  INFO 16768 --- [sss-server] [  restartedMain] com.zaxxer.hikari.HikariDataSource       : HikariPool-7 - Starting...
2026-08-05T15:42:27.729+05:30  INFO 16768 --- [sss-server] [  restartedMain] com.zaxxer.hikari.pool.HikariPool        : HikariPool-7 - Added connection org.postgresql.jdbc.PgConnection@6d6fc516
2026-08-05T15:42:27.761+05:30  INFO 16768 --- [sss-server] [  restartedMain] com.zaxxer.hikari.HikariDataSource       : HikariPool-7 - Start completed.
2026-08-05T15:42:27.949+05:30  INFO 16768 --- [sss-server] [  restartedMain] org.flywaydb.core.FlywayExecutor         : Database: jdbc:postgresql://sss-db-3.cniiyyk2y5un.eu-north-1.rds.amazonaws.com:5432/sssdb (PostgreSQL 18.3)
2026-08-05T15:42:29.555+05:30  WARN 16768 --- [sss-server] [  restartedMain] o.f.c.internal.database.base.Database    : Flyway upgrade recommended: PostgreSQL 18.3 is newer than this version of Flyway and support has not been tested. The latest supported version of PostgreSQL is 17.
2026-08-05T15:42:31.628+05:30  INFO 16768 --- [sss-server] [  restartedMain] o.f.core.internal.command.DbValidate     : Successfully validated 43 migrations (execution time 00:01.862s)
2026-08-05T15:42:34.189+05:30  INFO 16768 --- [sss-server] [  restartedMain] o.f.core.internal.command.DbMigrate      : Current version of schema "public": 42
2026-08-05T15:42:34.408+05:30  INFO 16768 --- [sss-server] [  restartedMain] o.f.core.internal.command.DbMigrate      : Schema "public" is up to date. No migration necessary.
2026-08-05T15:42:35.977+05:30  INFO 16768 --- [sss-server] [  restartedMain] o.hibernate.jpa.internal.util.LogHelper  : HHH000204: Processing PersistenceUnitInfo [name: default]
2026-08-05T15:42:36.030+05:30  INFO 16768 --- [sss-server] [  restartedMain] o.h.c.internal.RegionFactoryInitiator    : HHH000026: Second-level cache disabled
2026-08-05T15:42:36.349+05:30  INFO 16768 --- [sss-server] [  restartedMain] o.s.o.j.p.SpringPersistenceUnitInfo      : No LoadTimeWeaver setup: ignoring JPA class transformer
2026-08-05T15:42:36.799+05:30  WARN 16768 --- [sss-server] [  restartedMain] org.hibernate.orm.deprecation            : HHH90000025: PostgreSQLDialect does not need to be specified explicitly using 'hibernate.dialect' (remove the property setting and it will be selected by default)
2026-08-05T15:42:37.232+05:30  INFO 16768 --- [sss-server] [  restartedMain] org.hibernate.orm.connections.pooling    : HHH10001005: Database info:
	Database JDBC URL [Connecting through datasource 'HikariDataSource (HikariPool-7)']
	Database driver: undefined/unknown
	Database version: 18.3
	Autocommit mode: undefined/unknown
	Isolation level: undefined/unknown
	Minimum pool size: undefined/unknown
	Maximum pool size: undefined/unknown
2026-08-05T15:42:55.989+05:30  INFO 16768 --- [sss-server] [  restartedMain] o.h.e.t.j.p.i.JtaPlatformInitiator       : HHH000489: No JTA platform available (set 'hibernate.transaction.jta.platform' to enable JTA platform integration)
2026-08-05T15:42:58.277+05:30  INFO 16768 --- [sss-server] [  restartedMain] j.LocalContainerEntityManagerFactoryBean : Initialized JPA EntityManagerFactory for persistence unit 'default'
2026-08-05T15:43:00.429+05:30  INFO 16768 --- [sss-server] [  restartedMain] o.s.boot.web.servlet.RegistrationBean    : Filter disableAutoRegistration was not registered (disabled)
2026-08-05T15:43:08.519+05:30  INFO 16768 --- [sss-server] [  restartedMain] com.sss.app.jwtToken.KeyProvider         : JWT signing key loaded from JWT_PRIVATE_KEY/JWT_PUBLIC_KEY — stable across restarts.
2026-08-05T15:43:21.323+05:30  WARN 16768 --- [sss-server] [  restartedMain] c.s.a.s.c.MetaTokenEncryptionKeyProvider : No META_TOKEN_ENCRYPTION_KEY configured — generated a throwaway key for this process only. Every previously stored Meta access token will fail to decrypt on the next restart. Set META_TOKEN_ENCRYPTION_KEY (base64, 32 bytes) before connecting any real Facebook/Instagram account.
2026-08-05T15:43:30.496+05:30  WARN 16768 --- [sss-server] [  restartedMain] JpaBaseConfiguration$JpaWebConfiguration : spring.jpa.open-in-view is enabled by default. Therefore, database queries may be performed during view rendering. Explicitly configure spring.jpa.open-in-view to disable this warning
2026-08-05T15:43:34.898+05:30  WARN 16768 --- [sss-server] [  restartedMain] .s.s.UserDetailsServiceAutoConfiguration : 

Using generated security password: 551ce70c-aa03-4946-91eb-954fed58163b

This generated password is for development use only. Your security configuration must be updated before running your application in production.

2026-08-05T15:43:35.074+05:30  INFO 16768 --- [sss-server] [  restartedMain] r$InitializeUserDetailsManagerConfigurer : Global AuthenticationManager configured with UserDetailsService bean with name inMemoryUserDetailsManager
2026-08-05T15:43:41.871+05:30  INFO 16768 --- [sss-server] [  restartedMain] o.s.b.d.a.OptionalLiveReloadServer       : LiveReload server is running on port 35729
2026-08-05T15:43:42.376+05:30  INFO 16768 --- [sss-server] [  restartedMain] o.s.b.w.embedded.tomcat.TomcatWebServer  : Tomcat started on port 8080 (http) with context path '/sss'
2026-08-05T15:43:42.503+05:30  INFO 16768 --- [sss-server] [  restartedMain] com.sss.app.SssAppApplication            : Started SssAppApplication in 91.27 seconds (process running for 101972.97)
2026-08-05T15:43:42.551+05:30  INFO 16768 --- [sss-server] [  restartedMain] .ConditionEvaluationDeltaLoggingListener : Condition evaluation unchanged
2026-08-05T16:11:46.253+05:30  INFO 16768 --- [sss-server] [   File Watcher] rtingClassPathChangeChangedEventListener : Restarting due to 490 class path changes (0 additions, 490 deletions, 0 modifications)
2026-08-05T16:11:46.266+05:30  INFO 16768 --- [sss-server] [      Thread-14] o.s.b.w.e.tomcat.GracefulShutdown        : Commencing graceful shutdown. Waiting for active requests to complete
2026-08-05T16:11:46.277+05:30  INFO 16768 --- [sss-server] [tomcat-shutdown] o.s.b.w.e.tomcat.GracefulShutdown        : Graceful shutdown complete
2026-08-05T16:11:46.304+05:30  INFO 16768 --- [sss-server] [      Thread-14] j.LocalContainerEntityManagerFactoryBean : Closing JPA EntityManagerFactory for persistence unit 'default'
2026-08-05T16:11:46.306+05:30  INFO 16768 --- [sss-server] [      Thread-14] com.zaxxer.hikari.HikariDataSource       : HikariPool-7 - Shutdown initiated...
2026-08-05T16:11:48.397+05:30  INFO 16768 --- [sss-server] [      Thread-14] com.zaxxer.hikari.HikariDataSource       : HikariPool-7 - Shutdown completed.

  .   ____          _            __ _ _
 /\\ / ___'_ __ _ _(_)_ __  __ _ \ \ \ \
( ( )\___ | '_ | '_| | '_ \/ _` | \ \ \ \
 \\/  ___)| |_)| | | | | || (_| |  ) ) ) )
  '  |____| .__|_| |_|_| |_\__, | / / / /
 =========|_|==============|___/=/_/_/_/

 :: Spring Boot ::                (v3.5.0)

2026-08-05T16:11:48.626+05:30  INFO 16768 --- [sss-server] [  restartedMain] com.sss.app.SssAppApplication            : Starting SssAppApplication using Java 24.0.1 with PID 16768 (C:\Users\sacch\Documents\sss\development\backend\sss-server\target\classes started by sacch in C:\Users\sacch\Documents\sss\development\backend\sss-server)
2026-08-05T16:11:48.627+05:30  INFO 16768 --- [sss-server] [  restartedMain] com.sss.app.SssAppApplication            : No active profile set, falling back to 1 default profile: "default"
2026-08-05T16:11:49.483+05:30  INFO 16768 --- [sss-server] [  restartedMain] .s.d.r.c.RepositoryConfigurationDelegate : Multiple Spring Data modules found, entering strict repository configuration mode
2026-08-05T16:11:49.484+05:30  INFO 16768 --- [sss-server] [  restartedMain] .s.d.r.c.RepositoryConfigurationDelegate : Bootstrapping Spring Data JPA repositories in DEFAULT mode.
2026-08-05T16:11:49.609+05:30  INFO 16768 --- [sss-server] [  restartedMain] .s.d.r.c.RepositoryConfigurationDelegate : Finished Spring Data repository scanning in 121 ms. Found 0 JPA repository interfaces.
2026-08-05T16:11:49.643+05:30  INFO 16768 --- [sss-server] [  restartedMain] .s.d.r.c.RepositoryConfigurationDelegate : Multiple Spring Data modules found, entering strict repository configuration mode
2026-08-05T16:11:49.645+05:30  INFO 16768 --- [sss-server] [  restartedMain] .s.d.r.c.RepositoryConfigurationDelegate : Bootstrapping Spring Data Redis repositories in DEFAULT mode.
2026-08-05T16:11:49.762+05:30  INFO 16768 --- [sss-server] [  restartedMain] .s.d.r.c.RepositoryConfigurationDelegate : Finished Spring Data repository scanning in 112 ms. Found 0 Redis repository interfaces.
2026-08-05T16:11:50.168+05:30  INFO 16768 --- [sss-server] [  restartedMain] o.s.b.w.embedded.tomcat.TomcatWebServer  : Tomcat initialized with port 8080 (http)
2026-08-05T16:11:50.188+05:30  INFO 16768 --- [sss-server] [  restartedMain] o.apache.catalina.core.StandardService   : Starting service [Tomcat]
2026-08-05T16:11:50.189+05:30  INFO 16768 --- [sss-server] [  restartedMain] o.apache.catalina.core.StandardEngine    : Starting Servlet engine: [Apache Tomcat/10.1.41]
2026-08-05T16:11:50.238+05:30  INFO 16768 --- [sss-server] [  restartedMain] o.a.c.c.C.[Tomcat-4].[localhost].[/sss]  : Initializing Spring embedded WebApplicationContext
2026-08-05T16:11:50.239+05:30  INFO 16768 --- [sss-server] [  restartedMain] w.s.c.ServletWebServerApplicationContext : Root WebApplicationContext: initialization completed in 1603 ms
2026-08-05T16:11:50.375+05:30  INFO 16768 --- [sss-server] [  restartedMain] com.zaxxer.hikari.HikariDataSource       : HikariPool-8 - Starting...
2026-08-05T16:11:52.593+05:30  INFO 16768 --- [sss-server] [  restartedMain] com.zaxxer.hikari.pool.HikariPool        : HikariPool-8 - Added connection org.postgresql.jdbc.PgConnection@7814055b
2026-08-05T16:11:52.708+05:30  INFO 16768 --- [sss-server] [  restartedMain] com.zaxxer.hikari.HikariDataSource       : HikariPool-8 - Start completed.
2026-08-05T16:11:52.917+05:30  INFO 16768 --- [sss-server] [  restartedMain] org.flywaydb.core.FlywayExecutor         : Database: jdbc:postgresql://sss-db-3.cniiyyk2y5un.eu-north-1.rds.amazonaws.com:5432/sssdb (PostgreSQL 18.3)
2026-08-05T16:11:54.639+05:30  WARN 16768 --- [sss-server] [  restartedMain] o.f.c.internal.database.base.Database    : Flyway upgrade recommended: PostgreSQL 18.3 is newer than this version of Flyway and support has not been tested. The latest supported version of PostgreSQL is 17.
2026-08-05T16:11:55.873+05:30  INFO 16768 --- [sss-server] [  restartedMain] o.f.core.internal.command.DbValidate     : Successfully validated 43 migrations (execution time 00:01.008s)
2026-08-05T16:11:58.639+05:30  INFO 16768 --- [sss-server] [  restartedMain] o.f.core.internal.command.DbMigrate      : Current version of schema "public": 42
2026-08-05T16:11:58.856+05:30  INFO 16768 --- [sss-server] [  restartedMain] o.f.core.internal.command.DbMigrate      : Schema "public" is up to date. No migration necessary.
2026-08-05T16:12:00.650+05:30  INFO 16768 --- [sss-server] [  restartedMain] o.hibernate.jpa.internal.util.LogHelper  : HHH000204: Processing PersistenceUnitInfo [name: default]
2026-08-05T16:12:00.684+05:30  INFO 16768 --- [sss-server] [  restartedMain] o.h.c.internal.RegionFactoryInitiator    : HHH000026: Second-level cache disabled
2026-08-05T16:12:00.751+05:30  INFO 16768 --- [sss-server] [  restartedMain] o.s.o.j.p.SpringPersistenceUnitInfo      : No LoadTimeWeaver setup: ignoring JPA class transformer
2026-08-05T16:12:00.993+05:30  WARN 16768 --- [sss-server] [  restartedMain] org.hibernate.orm.deprecation            : HHH90000025: PostgreSQLDialect does not need to be specified explicitly using 'hibernate.dialect' (remove the property setting and it will be selected by default)
2026-08-05T16:12:01.495+05:30  INFO 16768 --- [sss-server] [  restartedMain] org.hibernate.orm.connections.pooling    : HHH10001005: Database info:
	Database JDBC URL [Connecting through datasource 'HikariDataSource (HikariPool-8)']
	Database driver: undefined/unknown
	Database version: 18.3
	Autocommit mode: undefined/unknown
	Isolation level: undefined/unknown
	Minimum pool size: undefined/unknown
	Maximum pool size: undefined/unknown
2026-08-05T16:12:02.567+05:30  INFO 16768 --- [sss-server] [  restartedMain] o.h.e.t.j.p.i.JtaPlatformInitiator       : HHH000489: No JTA platform available (set 'hibernate.transaction.jta.platform' to enable JTA platform integration)
2026-08-05T16:12:04.752+05:30  INFO 16768 --- [sss-server] [  restartedMain] j.LocalContainerEntityManagerFactoryBean : Initialized JPA EntityManagerFactory for persistence unit 'default'
2026-08-05T16:12:04.812+05:30  WARN 16768 --- [sss-server] [  restartedMain] ConfigServletWebServerApplicationContext : Exception encountered during context initialization - cancelling refresh attempt: org.springframework.beans.factory.BeanCreationException: Error creating bean with name 'jpaAuditingHandler': Cannot create inner bean '(inner bean)#29f73407' of type [org.springframework.aop.framework.ProxyFactoryBean] while setting bean property 'auditorAware'
2026-08-05T16:12:04.812+05:30  INFO 16768 --- [sss-server] [  restartedMain] j.LocalContainerEntityManagerFactoryBean : Closing JPA EntityManagerFactory for persistence unit 'default'
2026-08-05T16:12:04.815+05:30  INFO 16768 --- [sss-server] [  restartedMain] com.zaxxer.hikari.HikariDataSource       : HikariPool-8 - Shutdown initiated...
2026-08-05T16:12:06.647+05:30  INFO 16768 --- [sss-server] [  restartedMain] com.zaxxer.hikari.HikariDataSource       : HikariPool-8 - Shutdown completed.
2026-08-05T16:12:06.658+05:30  INFO 16768 --- [sss-server] [  restartedMain] o.apache.catalina.core.StandardService   : Stopping service [Tomcat]
2026-08-05T16:12:06.679+05:30  INFO 16768 --- [sss-server] [  restartedMain] .s.b.a.l.ConditionEvaluationReportLogger : 

Error starting ApplicationContext. To display the condition evaluation report re-run your application with 'debug' enabled.
2026-08-05T16:12:06.687+05:30 ERROR 16768 --- [sss-server] [  restartedMain] o.s.b.d.LoggingFailureAnalysisReporter   : 

***************************
APPLICATION FAILED TO START
***************************

Description:

A component required a bean named 'auditorAware' that could not be found.


Action:

Consider defining a bean named 'auditorAware' in your configuration.


  .   ____          _            __ _ _
 /\\ / ___'_ __ _ _(_)_ __  __ _ \ \ \ \
( ( )\___ | '_ | '_| | '_ \/ _` | \ \ \ \
 \\/  ___)| |_)| | | | | || (_| |  ) ) ) )
  '  |____| .__|_| |_|_| |_\__, | / / / /
 =========|_|==============|___/=/_/_/_/

 :: Spring Boot ::                (v3.5.0)

2026-08-05T16:17:24.992+05:30  INFO 16768 --- [sss-server] [  restartedMain] com.sss.app.SssAppApplication            : Starting SssAppApplication using Java 24.0.1 with PID 16768 (C:\Users\sacch\Documents\sss\development\backend\sss-server\target\classes started by sacch in C:\Users\sacch\Documents\sss\development\backend\sss-server)
2026-08-05T16:17:24.993+05:30  INFO 16768 --- [sss-server] [  restartedMain] com.sss.app.SssAppApplication            : No active profile set, falling back to 1 default profile: "default"
2026-08-05T16:17:25.300+05:30  INFO 16768 --- [sss-server] [  restartedMain] .s.d.r.c.RepositoryConfigurationDelegate : Multiple Spring Data modules found, entering strict repository configuration mode
2026-08-05T16:17:25.302+05:30  INFO 16768 --- [sss-server] [  restartedMain] .s.d.r.c.RepositoryConfigurationDelegate : Bootstrapping Spring Data JPA repositories in DEFAULT mode.
2026-08-05T16:17:25.365+05:30  INFO 16768 --- [sss-server] [  restartedMain] .s.d.r.c.RepositoryConfigurationDelegate : Finished Spring Data repository scanning in 59 ms. Found 0 JPA repository interfaces.
2026-08-05T16:17:25.368+05:30  INFO 16768 --- [sss-server] [  restartedMain] .s.d.r.c.RepositoryConfigurationDelegate : Multiple Spring Data modules found, entering strict repository configuration mode
2026-08-05T16:17:25.368+05:30  INFO 16768 --- [sss-server] [  restartedMain] .s.d.r.c.RepositoryConfigurationDelegate : Bootstrapping Spring Data Redis repositories in DEFAULT mode.
2026-08-05T16:17:25.415+05:30  INFO 16768 --- [sss-server] [  restartedMain] .s.d.r.c.RepositoryConfigurationDelegate : Finished Spring Data repository scanning in 43 ms. Found 0 Redis repository interfaces.
2026-08-05T16:17:25.674+05:30  INFO 16768 --- [sss-server] [  restartedMain] o.s.b.w.embedded.tomcat.TomcatWebServer  : Tomcat initialized with port 8080 (http)
2026-08-05T16:17:25.679+05:30  INFO 16768 --- [sss-server] [  restartedMain] o.apache.catalina.core.StandardService   : Starting service [Tomcat]
2026-08-05T16:17:25.679+05:30  INFO 16768 --- [sss-server] [  restartedMain] o.apache.catalina.core.StandardEngine    : Starting Servlet engine: [Apache Tomcat/10.1.41]
2026-08-05T16:17:25.719+05:30  INFO 16768 --- [sss-server] [  restartedMain] o.a.c.c.C.[Tomcat-5].[localhost].[/sss]  : Initializing Spring embedded WebApplicationContext
2026-08-05T16:17:25.720+05:30  INFO 16768 --- [sss-server] [  restartedMain] w.s.c.ServletWebServerApplicationContext : Root WebApplicationContext: initialization completed in 723 ms
2026-08-05T16:17:25.780+05:30  INFO 16768 --- [sss-server] [  restartedMain] com.zaxxer.hikari.HikariDataSource       : HikariPool-9 - Starting...
2026-08-05T16:17:27.946+05:30  INFO 16768 --- [sss-server] [  restartedMain] com.zaxxer.hikari.pool.HikariPool        : HikariPool-9 - Added connection org.postgresql.jdbc.PgConnection@d1e3de6
2026-08-05T16:17:27.948+05:30  INFO 16768 --- [sss-server] [  restartedMain] com.zaxxer.hikari.HikariDataSource       : HikariPool-9 - Start completed.
2026-08-05T16:17:28.133+05:30  INFO 16768 --- [sss-server] [  restartedMain] org.flywaydb.core.FlywayExecutor         : Database: jdbc:postgresql://sss-db-3.cniiyyk2y5un.eu-north-1.rds.amazonaws.com:5432/sssdb (PostgreSQL 18.3)
2026-08-05T16:17:29.790+05:30  WARN 16768 --- [sss-server] [  restartedMain] o.f.c.internal.database.base.Database    : Flyway upgrade recommended: PostgreSQL 18.3 is newer than this version of Flyway and support has not been tested. The latest supported version of PostgreSQL is 17.
2026-08-05T16:17:30.814+05:30  INFO 16768 --- [sss-server] [  restartedMain] o.f.core.internal.command.DbValidate     : Successfully validated 43 migrations (execution time 00:00.836s)
2026-08-05T16:17:33.559+05:30  INFO 16768 --- [sss-server] [  restartedMain] o.f.core.internal.command.DbMigrate      : Current version of schema "public": 42
2026-08-05T16:17:33.784+05:30  INFO 16768 --- [sss-server] [  restartedMain] o.f.core.internal.command.DbMigrate      : Schema "public" is up to date. No migration necessary.
2026-08-05T16:17:35.798+05:30  INFO 16768 --- [sss-server] [  restartedMain] o.hibernate.jpa.internal.util.LogHelper  : HHH000204: Processing PersistenceUnitInfo [name: default]
2026-08-05T16:17:35.812+05:30  INFO 16768 --- [sss-server] [  restartedMain] o.h.c.internal.RegionFactoryInitiator    : HHH000026: Second-level cache disabled
2026-08-05T16:17:35.888+05:30  INFO 16768 --- [sss-server] [  restartedMain] o.s.o.j.p.SpringPersistenceUnitInfo      : No LoadTimeWeaver setup: ignoring JPA class transformer
2026-08-05T16:17:36.284+05:30  WARN 16768 --- [sss-server] [  restartedMain] org.hibernate.orm.deprecation            : HHH90000025: PostgreSQLDialect does not need to be specified explicitly using 'hibernate.dialect' (remove the property setting and it will be selected by default)
2026-08-05T16:17:36.657+05:30  INFO 16768 --- [sss-server] [  restartedMain] org.hibernate.orm.connections.pooling    : HHH10001005: Database info:
	Database JDBC URL [Connecting through datasource 'HikariDataSource (HikariPool-9)']
	Database driver: undefined/unknown
	Database version: 18.3
	Autocommit mode: undefined/unknown
	Isolation level: undefined/unknown
	Minimum pool size: undefined/unknown
	Maximum pool size: undefined/unknown
2026-08-05T16:17:37.559+05:30  INFO 16768 --- [sss-server] [  restartedMain] o.h.e.t.j.p.i.JtaPlatformInitiator       : HHH000489: No JTA platform available (set 'hibernate.transaction.jta.platform' to enable JTA platform integration)
2026-08-05T16:17:39.525+05:30  INFO 16768 --- [sss-server] [  restartedMain] j.LocalContainerEntityManagerFactoryBean : Initialized JPA EntityManagerFactory for persistence unit 'default'
2026-08-05T16:17:39.593+05:30  WARN 16768 --- [sss-server] [  restartedMain] ConfigServletWebServerApplicationContext : Exception encountered during context initialization - cancelling refresh attempt: org.springframework.beans.factory.BeanCreationException: Error creating bean with name 'jpaAuditingHandler': Cannot create inner bean '(inner bean)#5d3c4b86' of type [org.springframework.aop.framework.ProxyFactoryBean] while setting bean property 'auditorAware'
2026-08-05T16:17:39.594+05:30  INFO 16768 --- [sss-server] [  restartedMain] j.LocalContainerEntityManagerFactoryBean : Closing JPA EntityManagerFactory for persistence unit 'default'
2026-08-05T16:17:39.596+05:30  INFO 16768 --- [sss-server] [  restartedMain] com.zaxxer.hikari.HikariDataSource       : HikariPool-9 - Shutdown initiated...
2026-08-05T16:17:41.538+05:30  INFO 16768 --- [sss-server] [  restartedMain] com.zaxxer.hikari.HikariDataSource       : HikariPool-9 - Shutdown completed.
2026-08-05T16:17:41.540+05:30  INFO 16768 --- [sss-server] [  restartedMain] o.apache.catalina.core.StandardService   : Stopping service [Tomcat]
2026-08-05T16:17:41.548+05:30  INFO 16768 --- [sss-server] [  restartedMain] .s.b.a.l.ConditionEvaluationReportLogger : 

Error starting ApplicationContext. To display the condition evaluation report re-run your application with 'debug' enabled.
2026-08-05T16:17:41.557+05:30 ERROR 16768 --- [sss-server] [  restartedMain] o.s.b.d.LoggingFailureAnalysisReporter   : 

***************************
APPLICATION FAILED TO START
***************************

Description:

A component required a bean named 'auditorAware' that could not be found.


Action:

Consider defining a bean named 'auditorAware' in your configuration.


  .   ____          _            __ _ _
 /\\ / ___'_ __ _ _(_)_ __  __ _ \ \ \ \
( ( )\___ | '_ | '_| | '_ \/ _` | \ \ \ \
 \\/  ___)| |_)| | | | | || (_| |  ) ) ) )
  '  |____| .__|_| |_|_| |_\__, | / / / /
 =========|_|==============|___/=/_/_/_/

 :: Spring Boot ::                (v3.5.0)

2026-08-05T16:39:26.077+05:30  INFO 16768 --- [sss-server] [  restartedMain] com.sss.app.SssAppApplication            : Starting SssAppApplication using Java 24.0.1 with PID 16768 (C:\Users\sacch\Documents\sss\development\backend\sss-server\target\classes started by sacch in C:\Users\sacch\Documents\sss\development\backend\sss-server)
2026-08-05T16:39:26.079+05:30  INFO 16768 --- [sss-server] [  restartedMain] com.sss.app.SssAppApplication            : No active profile set, falling back to 1 default profile: "default"
2026-08-05T16:39:26.915+05:30  INFO 16768 --- [sss-server] [  restartedMain] .s.d.r.c.RepositoryConfigurationDelegate : Multiple Spring Data modules found, entering strict repository configuration mode
2026-08-05T16:39:26.915+05:30  INFO 16768 --- [sss-server] [  restartedMain] .s.d.r.c.RepositoryConfigurationDelegate : Bootstrapping Spring Data JPA repositories in DEFAULT mode.
2026-08-05T16:39:26.983+05:30  INFO 16768 --- [sss-server] [  restartedMain] .s.d.r.c.RepositoryConfigurationDelegate : Finished Spring Data repository scanning in 66 ms. Found 0 JPA repository interfaces.
2026-08-05T16:39:26.988+05:30  INFO 16768 --- [sss-server] [  restartedMain] .s.d.r.c.RepositoryConfigurationDelegate : Multiple Spring Data modules found, entering strict repository configuration mode
2026-08-05T16:39:26.989+05:30  INFO 16768 --- [sss-server] [  restartedMain] .s.d.r.c.RepositoryConfigurationDelegate : Bootstrapping Spring Data Redis repositories in DEFAULT mode.
2026-08-05T16:39:27.080+05:30  INFO 16768 --- [sss-server] [  restartedMain] .s.d.r.c.RepositoryConfigurationDelegate : Finished Spring Data repository scanning in 88 ms. Found 0 Redis repository interfaces.
2026-08-05T16:39:27.348+05:30  INFO 16768 --- [sss-server] [  restartedMain] o.s.b.w.embedded.tomcat.TomcatWebServer  : Tomcat initialized with port 8080 (http)
2026-08-05T16:39:27.354+05:30  INFO 16768 --- [sss-server] [  restartedMain] o.apache.catalina.core.StandardService   : Starting service [Tomcat]
2026-08-05T16:39:27.355+05:30  INFO 16768 --- [sss-server] [  restartedMain] o.apache.catalina.core.StandardEngine    : Starting Servlet engine: [Apache Tomcat/10.1.41]
2026-08-05T16:39:27.398+05:30  INFO 16768 --- [sss-server] [  restartedMain] o.a.c.c.C.[Tomcat-6].[localhost].[/sss]  : Initializing Spring embedded WebApplicationContext
2026-08-05T16:39:27.398+05:30  INFO 16768 --- [sss-server] [  restartedMain] w.s.c.ServletWebServerApplicationContext : Root WebApplicationContext: initialization completed in 1280 ms
2026-08-05T16:39:27.494+05:30  INFO 16768 --- [sss-server] [  restartedMain] com.zaxxer.hikari.HikariDataSource       : HikariPool-10 - Starting...
2026-08-05T16:39:29.745+05:30  INFO 16768 --- [sss-server] [  restartedMain] com.zaxxer.hikari.pool.HikariPool        : HikariPool-10 - Added connection org.postgresql.jdbc.PgConnection@baaddc0
2026-08-05T16:39:29.753+05:30  INFO 16768 --- [sss-server] [  restartedMain] com.zaxxer.hikari.HikariDataSource       : HikariPool-10 - Start completed.
2026-08-05T16:39:29.971+05:30  INFO 16768 --- [sss-server] [  restartedMain] org.flywaydb.core.FlywayExecutor         : Database: jdbc:postgresql://sss-db-3.cniiyyk2y5un.eu-north-1.rds.amazonaws.com:5432/sssdb (PostgreSQL 18.3)
2026-08-05T16:39:31.635+05:30  WARN 16768 --- [sss-server] [  restartedMain] o.f.c.internal.database.base.Database    : Flyway upgrade recommended: PostgreSQL 18.3 is newer than this version of Flyway and support has not been tested. The latest supported version of PostgreSQL is 17.
2026-08-05T16:39:32.745+05:30  INFO 16768 --- [sss-server] [  restartedMain] o.f.core.internal.command.DbValidate     : Successfully validated 43 migrations (execution time 00:00.898s)
2026-08-05T16:39:35.520+05:30  INFO 16768 --- [sss-server] [  restartedMain] o.f.core.internal.command.DbMigrate      : Current version of schema "public": 42
2026-08-05T16:39:35.736+05:30  INFO 16768 --- [sss-server] [  restartedMain] o.f.core.internal.command.DbMigrate      : Schema "public" is up to date. No migration necessary.
2026-08-05T16:39:37.205+05:30  INFO 16768 --- [sss-server] [  restartedMain] o.hibernate.jpa.internal.util.LogHelper  : HHH000204: Processing PersistenceUnitInfo [name: default]
2026-08-05T16:39:37.218+05:30  INFO 16768 --- [sss-server] [  restartedMain] o.h.c.internal.RegionFactoryInitiator    : HHH000026: Second-level cache disabled
2026-08-05T16:39:37.256+05:30  INFO 16768 --- [sss-server] [  restartedMain] o.s.o.j.p.SpringPersistenceUnitInfo      : No LoadTimeWeaver setup: ignoring JPA class transformer
2026-08-05T16:39:37.481+05:30  WARN 16768 --- [sss-server] [  restartedMain] org.hibernate.orm.deprecation            : HHH90000025: PostgreSQLDialect does not need to be specified explicitly using 'hibernate.dialect' (remove the property setting and it will be selected by default)
2026-08-05T16:39:37.915+05:30  INFO 16768 --- [sss-server] [  restartedMain] org.hibernate.orm.connections.pooling    : HHH10001005: Database info:
	Database JDBC URL [Connecting through datasource 'HikariDataSource (HikariPool-10)']
	Database driver: undefined/unknown
	Database version: 18.3
	Autocommit mode: undefined/unknown
	Isolation level: undefined/unknown
	Minimum pool size: undefined/unknown
	Maximum pool size: undefined/unknown
2026-08-05T16:39:38.283+05:30  INFO 16768 --- [sss-server] [  restartedMain] o.h.e.t.j.p.i.JtaPlatformInitiator       : HHH000489: No JTA platform available (set 'hibernate.transaction.jta.platform' to enable JTA platform integration)
2026-08-05T16:39:40.010+05:30  INFO 16768 --- [sss-server] [  restartedMain] j.LocalContainerEntityManagerFactoryBean : Initialized JPA EntityManagerFactory for persistence unit 'default'
2026-08-05T16:39:40.066+05:30  WARN 16768 --- [sss-server] [  restartedMain] ConfigServletWebServerApplicationContext : Exception encountered during context initialization - cancelling refresh attempt: org.springframework.beans.factory.BeanCreationException: Error creating bean with name 'jpaAuditingHandler': Cannot create inner bean '(inner bean)#5b606af8' of type [org.springframework.aop.framework.ProxyFactoryBean] while setting bean property 'auditorAware'
2026-08-05T16:39:40.067+05:30  INFO 16768 --- [sss-server] [  restartedMain] j.LocalContainerEntityManagerFactoryBean : Closing JPA EntityManagerFactory for persistence unit 'default'
2026-08-05T16:39:40.072+05:30  INFO 16768 --- [sss-server] [  restartedMain] com.zaxxer.hikari.HikariDataSource       : HikariPool-10 - Shutdown initiated...
2026-08-05T16:39:41.944+05:30  INFO 16768 --- [sss-server] [  restartedMain] com.zaxxer.hikari.HikariDataSource       : HikariPool-10 - Shutdown completed.
2026-08-05T16:39:41.945+05:30  INFO 16768 --- [sss-server] [  restartedMain] o.apache.catalina.core.StandardService   : Stopping service [Tomcat]
2026-08-05T16:39:41.954+05:30  INFO 16768 --- [sss-server] [  restartedMain] .s.b.a.l.ConditionEvaluationReportLogger : 

Error starting ApplicationContext. To display the condition evaluation report re-run your application with 'debug' enabled.
2026-08-05T16:39:41.963+05:30 ERROR 16768 --- [sss-server] [  restartedMain] o.s.b.d.LoggingFailureAnalysisReporter   : 

***************************
APPLICATION FAILED TO START
***************************

Description:

A component required a bean named 'auditorAware' that could not be found.


Action:

Consider defining a bean named 'auditorAware' in your configuration.


  .   ____          _            __ _ _
 /\\ / ___'_ __ _ _(_)_ __  __ _ \ \ \ \
( ( )\___ | '_ | '_| | '_ \/ _` | \ \ \ \
 \\/  ___)| |_)| | | | | || (_| |  ) ) ) )
  '  |____| .__|_| |_|_| |_\__, | / / / /
 =========|_|==============|___/=/_/_/_/

 :: Spring Boot ::                (v3.5.0)

2026-08-05T16:49:24.368+05:30  INFO 16768 --- [sss-server] [  restartedMain] com.sss.app.SssAppApplication            : Starting SssAppApplication using Java 24.0.1 with PID 16768 (C:\Users\sacch\Documents\sss\development\backend\sss-server\target\classes started by sacch in C:\Users\sacch\Documents\sss\development\backend\sss-server)
2026-08-05T16:49:24.368+05:30  INFO 16768 --- [sss-server] [  restartedMain] com.sss.app.SssAppApplication            : No active profile set, falling back to 1 default profile: "default"
2026-08-05T16:49:24.897+05:30  INFO 16768 --- [sss-server] [  restartedMain] .s.d.r.c.RepositoryConfigurationDelegate : Multiple Spring Data modules found, entering strict repository configuration mode
2026-08-05T16:49:24.898+05:30  INFO 16768 --- [sss-server] [  restartedMain] .s.d.r.c.RepositoryConfigurationDelegate : Bootstrapping Spring Data JPA repositories in DEFAULT mode.
2026-08-05T16:49:24.982+05:30  INFO 16768 --- [sss-server] [  restartedMain] .s.d.r.c.RepositoryConfigurationDelegate : Finished Spring Data repository scanning in 82 ms. Found 0 JPA repository interfaces.
2026-08-05T16:49:24.988+05:30  INFO 16768 --- [sss-server] [  restartedMain] .s.d.r.c.RepositoryConfigurationDelegate : Multiple Spring Data modules found, entering strict repository configuration mode
2026-08-05T16:49:24.988+05:30  INFO 16768 --- [sss-server] [  restartedMain] .s.d.r.c.RepositoryConfigurationDelegate : Bootstrapping Spring Data Redis repositories in DEFAULT mode.
2026-08-05T16:49:25.058+05:30  INFO 16768 --- [sss-server] [  restartedMain] .s.d.r.c.RepositoryConfigurationDelegate : Finished Spring Data repository scanning in 66 ms. Found 0 Redis repository interfaces.
2026-08-05T16:49:25.282+05:30  INFO 16768 --- [sss-server] [  restartedMain] o.s.b.w.embedded.tomcat.TomcatWebServer  : Tomcat initialized with port 8080 (http)
2026-08-05T16:49:25.297+05:30  INFO 16768 --- [sss-server] [  restartedMain] o.apache.catalina.core.StandardService   : Starting service [Tomcat]
2026-08-05T16:49:25.298+05:30  INFO 16768 --- [sss-server] [  restartedMain] o.apache.catalina.core.StandardEngine    : Starting Servlet engine: [Apache Tomcat/10.1.41]
2026-08-05T16:49:25.368+05:30  INFO 16768 --- [sss-server] [  restartedMain] o.a.c.c.C.[Tomcat-7].[localhost].[/sss]  : Initializing Spring embedded WebApplicationContext
2026-08-05T16:49:25.368+05:30  INFO 16768 --- [sss-server] [  restartedMain] w.s.c.ServletWebServerApplicationContext : Root WebApplicationContext: initialization completed in 994 ms
2026-08-05T16:49:25.503+05:30  INFO 16768 --- [sss-server] [  restartedMain] com.zaxxer.hikari.HikariDataSource       : HikariPool-11 - Starting...
2026-08-05T16:49:27.641+05:30  INFO 16768 --- [sss-server] [  restartedMain] com.zaxxer.hikari.pool.HikariPool        : HikariPool-11 - Added connection org.postgresql.jdbc.PgConnection@1c823067
2026-08-05T16:49:27.642+05:30  INFO 16768 --- [sss-server] [  restartedMain] com.zaxxer.hikari.HikariDataSource       : HikariPool-11 - Start completed.
2026-08-05T16:49:27.846+05:30  INFO 16768 --- [sss-server] [  restartedMain] org.flywaydb.core.FlywayExecutor         : Database: jdbc:postgresql://sss-db-3.cniiyyk2y5un.eu-north-1.rds.amazonaws.com:5432/sssdb (PostgreSQL 18.3)
2026-08-05T16:49:29.456+05:30  WARN 16768 --- [sss-server] [  restartedMain] o.f.c.internal.database.base.Database    : Flyway upgrade recommended: PostgreSQL 18.3 is newer than this version of Flyway and support has not been tested. The latest supported version of PostgreSQL is 17.
2026-08-05T16:49:30.544+05:30  INFO 16768 --- [sss-server] [  restartedMain] o.f.core.internal.command.DbValidate     : Successfully validated 43 migrations (execution time 00:00.884s)
2026-08-05T16:49:33.165+05:30  INFO 16768 --- [sss-server] [  restartedMain] o.f.core.internal.command.DbMigrate      : Current version of schema "public": 42
2026-08-05T16:49:33.376+05:30  INFO 16768 --- [sss-server] [  restartedMain] o.f.core.internal.command.DbMigrate      : Schema "public" is up to date. No migration necessary.
2026-08-05T16:49:34.775+05:30  INFO 16768 --- [sss-server] [  restartedMain] o.hibernate.jpa.internal.util.LogHelper  : HHH000204: Processing PersistenceUnitInfo [name: default]
2026-08-05T16:49:34.781+05:30  INFO 16768 --- [sss-server] [  restartedMain] o.h.c.internal.RegionFactoryInitiator    : HHH000026: Second-level cache disabled
2026-08-05T16:49:34.794+05:30  INFO 16768 --- [sss-server] [  restartedMain] o.s.o.j.p.SpringPersistenceUnitInfo      : No LoadTimeWeaver setup: ignoring JPA class transformer
2026-08-05T16:49:35.001+05:30  WARN 16768 --- [sss-server] [  restartedMain] org.hibernate.orm.deprecation            : HHH90000025: PostgreSQLDialect does not need to be specified explicitly using 'hibernate.dialect' (remove the property setting and it will be selected by default)
2026-08-05T16:49:35.416+05:30  INFO 16768 --- [sss-server] [  restartedMain] org.hibernate.orm.connections.pooling    : HHH10001005: Database info:
	Database JDBC URL [Connecting through datasource 'HikariDataSource (HikariPool-11)']
	Database driver: undefined/unknown
	Database version: 18.3
	Autocommit mode: undefined/unknown
	Isolation level: undefined/unknown
	Minimum pool size: undefined/unknown
	Maximum pool size: undefined/unknown
2026-08-05T16:49:35.460+05:30  INFO 16768 --- [sss-server] [  restartedMain] o.h.e.t.j.p.i.JtaPlatformInitiator       : HHH000489: No JTA platform available (set 'hibernate.transaction.jta.platform' to enable JTA platform integration)
2026-08-05T16:49:35.461+05:30  INFO 16768 --- [sss-server] [  restartedMain] j.LocalContainerEntityManagerFactoryBean : Initialized JPA EntityManagerFactory for persistence unit 'default'
2026-08-05T16:49:35.488+05:30  WARN 16768 --- [sss-server] [  restartedMain] ConfigServletWebServerApplicationContext : Exception encountered during context initialization - cancelling refresh attempt: org.springframework.beans.factory.BeanCreationException: Error creating bean with name 'jpaAuditingHandler': Cannot create inner bean '(inner bean)#485b42fb' of type [org.springframework.aop.framework.ProxyFactoryBean] while setting bean property 'auditorAware'
2026-08-05T16:49:35.488+05:30  INFO 16768 --- [sss-server] [  restartedMain] j.LocalContainerEntityManagerFactoryBean : Closing JPA EntityManagerFactory for persistence unit 'default'
2026-08-05T16:49:35.491+05:30  INFO 16768 --- [sss-server] [  restartedMain] com.zaxxer.hikari.HikariDataSource       : HikariPool-11 - Shutdown initiated...
2026-08-05T16:49:36.716+05:30  INFO 16768 --- [sss-server] [  restartedMain] com.zaxxer.hikari.HikariDataSource       : HikariPool-11 - Shutdown completed.
2026-08-05T16:49:36.717+05:30  INFO 16768 --- [sss-server] [  restartedMain] o.apache.catalina.core.StandardService   : Stopping service [Tomcat]
2026-08-05T16:49:36.724+05:30  INFO 16768 --- [sss-server] [  restartedMain] .s.b.a.l.ConditionEvaluationReportLogger : 

Error starting ApplicationContext. To display the condition evaluation report re-run your application with 'debug' enabled.
2026-08-05T16:49:36.743+05:30 ERROR 16768 --- [sss-server] [  restartedMain] o.s.b.d.LoggingFailureAnalysisReporter   : 

***************************
APPLICATION FAILED TO START
***************************

Description:

A component required a bean named 'auditorAware' that could not be found.


Action:

Consider defining a bean named 'auditorAware' in your configuration.


  .   ____          _            __ _ _
 /\\ / ___'_ __ _ _(_)_ __  __ _ \ \ \ \
( ( )\___ | '_ | '_| | '_ \/ _` | \ \ \ \
 \\/  ___)| |_)| | | | | || (_| |  ) ) ) )
  '  |____| .__|_| |_|_| |_\__, | / / / /
 =========|_|==============|___/=/_/_/_/

 :: Spring Boot ::                (v3.5.0)

2026-08-05T16:49:44.811+05:30  INFO 16768 --- [sss-server] [  restartedMain] com.sss.app.SssAppApplication            : Starting SssAppApplication using Java 24.0.1 with PID 16768 (C:\Users\sacch\Documents\sss\development\backend\sss-server\target\classes started by sacch in C:\Users\sacch\Documents\sss\development\backend\sss-server)
2026-08-05T16:49:44.811+05:30  INFO 16768 --- [sss-server] [  restartedMain] com.sss.app.SssAppApplication            : No active profile set, falling back to 1 default profile: "default"
2026-08-05T16:49:45.274+05:30  INFO 16768 --- [sss-server] [  restartedMain] .s.d.r.c.RepositoryConfigurationDelegate : Multiple Spring Data modules found, entering strict repository configuration mode
2026-08-05T16:49:45.274+05:30  INFO 16768 --- [sss-server] [  restartedMain] .s.d.r.c.RepositoryConfigurationDelegate : Bootstrapping Spring Data JPA repositories in DEFAULT mode.
2026-08-05T16:49:45.611+05:30  INFO 16768 --- [sss-server] [  restartedMain] .s.d.r.c.RepositoryConfigurationDelegate : Finished Spring Data repository scanning in 336 ms. Found 44 JPA repository interfaces.
2026-08-05T16:49:45.616+05:30  INFO 16768 --- [sss-server] [  restartedMain] .s.d.r.c.RepositoryConfigurationDelegate : Multiple Spring Data modules found, entering strict repository configuration mode
2026-08-05T16:49:45.617+05:30  INFO 16768 --- [sss-server] [  restartedMain] .s.d.r.c.RepositoryConfigurationDelegate : Bootstrapping Spring Data Redis repositories in DEFAULT mode.
2026-08-05T16:49:45.665+05:30  INFO 16768 --- [sss-server] [  restartedMain] .RepositoryConfigurationExtensionSupport : Spring Data Redis - Could not safely identify store assignment for repository candidate interface com.sss.app.repository.address.AddressConstraintRepository; If you want this repository to be a Redis repository, consider annotating your entities with one of these annotations: org.springframework.data.redis.core.RedisHash (preferred), or consider extending one of the following types with your repository: org.springframework.data.keyvalue.repository.KeyValueRepository
2026-08-05T16:49:45.665+05:30  INFO 16768 --- [sss-server] [  restartedMain] .RepositoryConfigurationExtensionSupport : Spring Data Redis - Could not safely identify store assignment for repository candidate interface com.sss.app.repository.address.AddressRepository; If you want this repository to be a Redis repository, consider annotating your entities with one of these annotations: org.springframework.data.redis.core.RedisHash (preferred), or consider extending one of the following types with your repository: org.springframework.data.keyvalue.repository.KeyValueRepository
2026-08-05T16:49:45.666+05:30  INFO 16768 --- [sss-server] [  restartedMain] .RepositoryConfigurationExtensionSupport : Spring Data Redis - Could not safely identify store assignment for repository candidate interface com.sss.app.repository.assignment.PriorityCalendarEntryRepository; If you want this repository to be a Redis repository, consider annotating your entities with one of these annotations: org.springframework.data.redis.core.RedisHash (preferred), or consider extending one of the following types with your repository: org.springframework.data.keyvalue.repository.KeyValueRepository
2026-08-05T16:49:45.666+05:30  INFO 16768 --- [sss-server] [  restartedMain] .RepositoryConfigurationExtensionSupport : Spring Data Redis - Could not safely identify store assignment for repository candidate interface com.sss.app.repository.audit.AuditLogRepository; If you want this repository to be a Redis repository, consider annotating your entities with one of these annotations: org.springframework.data.redis.core.RedisHash (preferred), or consider extending one of the following types with your repository: org.springframework.data.keyvalue.repository.KeyValueRepository
2026-08-05T16:49:45.666+05:30  INFO 16768 --- [sss-server] [  restartedMain] .RepositoryConfigurationExtensionSupport : Spring Data Redis - Could not safely identify store assignment for repository candidate interface com.sss.app.repository.BankAccountRepository; If you want this repository to be a Redis repository, consider annotating your entities with one of these annotations: org.springframework.data.redis.core.RedisHash (preferred), or consider extending one of the following types with your repository: org.springframework.data.keyvalue.repository.KeyValueRepository
2026-08-05T16:49:45.667+05:30  INFO 16768 --- [sss-server] [  restartedMain] .RepositoryConfigurationExtensionSupport : Spring Data Redis - Could not safely identify store assignment for repository candidate interface com.sss.app.repository.deal.DealRepository; If you want this repository to be a Redis repository, consider annotating your entities with one of these annotations: org.springframework.data.redis.core.RedisHash (preferred), or consider extending one of the following types with your repository: org.springframework.data.keyvalue.repository.KeyValueRepository
2026-08-05T16:49:45.667+05:30  INFO 16768 --- [sss-server] [  restartedMain] .RepositoryConfigurationExtensionSupport : Spring Data Redis - Could not safely identify store assignment for repository candidate interface com.sss.app.repository.escape.EscapeRepository; If you want this repository to be a Redis repository, consider annotating your entities with one of these annotations: org.springframework.data.redis.core.RedisHash (preferred), or consider extending one of the following types with your repository: org.springframework.data.keyvalue.repository.KeyValueRepository
2026-08-05T16:49:45.668+05:30  INFO 16768 --- [sss-server] [  restartedMain] .RepositoryConfigurationExtensionSupport : Spring Data Redis - Could not safely identify store assignment for repository candidate interface com.sss.app.repository.integration.IntegrationConnectionRepository; If you want this repository to be a Redis repository, consider annotating your entities with one of these annotations: org.springframework.data.redis.core.RedisHash (preferred), or consider extending one of the following types with your repository: org.springframework.data.keyvalue.repository.KeyValueRepository
2026-08-05T16:49:45.668+05:30  INFO 16768 --- [sss-server] [  restartedMain] .RepositoryConfigurationExtensionSupport : Spring Data Redis - Could not safely identify store assignment for repository candidate interface com.sss.app.repository.integration.meta.LeadImportAttemptRepository; If you want this repository to be a Redis repository, consider annotating your entities with one of these annotations: org.springframework.data.redis.core.RedisHash (preferred), or consider extending one of the following types with your repository: org.springframework.data.keyvalue.repository.KeyValueRepository
2026-08-05T16:49:45.668+05:30  INFO 16768 --- [sss-server] [  restartedMain] .RepositoryConfigurationExtensionSupport : Spring Data Redis - Could not safely identify store assignment for repository candidate interface com.sss.app.repository.integration.meta.LeadSourceMetadataRepository; If you want this repository to be a Redis repository, consider annotating your entities with one of these annotations: org.springframework.data.redis.core.RedisHash (preferred), or consider extending one of the following types with your repository: org.springframework.data.keyvalue.repository.KeyValueRepository
2026-08-05T16:49:45.669+05:30  INFO 16768 --- [sss-server] [  restartedMain] .RepositoryConfigurationExtensionSupport : Spring Data Redis - Could not safely identify store assignment for repository candidate interface com.sss.app.repository.integration.meta.MetaChannelConfigRepository; If you want this repository to be a Redis repository, consider annotating your entities with one of these annotations: org.springframework.data.redis.core.RedisHash (preferred), or consider extending one of the following types with your repository: org.springframework.data.keyvalue.repository.KeyValueRepository
2026-08-05T16:49:45.669+05:30  INFO 16768 --- [sss-server] [  restartedMain] .RepositoryConfigurationExtensionSupport : Spring Data Redis - Could not safely identify store assignment for repository candidate interface com.sss.app.repository.integration.meta.MetaFieldMappingRepository; If you want this repository to be a Redis repository, consider annotating your entities with one of these annotations: org.springframework.data.redis.core.RedisHash (preferred), or consider extending one of the following types with your repository: org.springframework.data.keyvalue.repository.KeyValueRepository
2026-08-05T16:49:45.670+05:30  INFO 16768 --- [sss-server] [  restartedMain] .RepositoryConfigurationExtensionSupport : Spring Data Redis - Could not safely identify store assignment for repository candidate interface com.sss.app.repository.integration.meta.MetaWebhookEventRepository; If you want this repository to be a Redis repository, consider annotating your entities with one of these annotations: org.springframework.data.redis.core.RedisHash (preferred), or consider extending one of the following types with your repository: org.springframework.data.keyvalue.repository.KeyValueRepository
2026-08-05T16:49:45.670+05:30  INFO 16768 --- [sss-server] [  restartedMain] .RepositoryConfigurationExtensionSupport : Spring Data Redis - Could not safely identify store assignment for repository candidate interface com.sss.app.repository.InvitationTokenRepository; If you want this repository to be a Redis repository, consider annotating your entities with one of these annotations: org.springframework.data.redis.core.RedisHash (preferred), or consider extending one of the following types with your repository: org.springframework.data.keyvalue.repository.KeyValueRepository
2026-08-05T16:49:45.670+05:30  INFO 16768 --- [sss-server] [  restartedMain] .RepositoryConfigurationExtensionSupport : Spring Data Redis - Could not safely identify store assignment for repository candidate interface com.sss.app.repository.itinerary.ItineraryContentItemRepository; If you want this repository to be a Redis repository, consider annotating your entities with one of these annotations: org.springframework.data.redis.core.RedisHash (preferred), or consider extending one of the following types with your repository: org.springframework.data.keyvalue.repository.KeyValueRepository
2026-08-05T16:49:45.670+05:30  INFO 16768 --- [sss-server] [  restartedMain] .RepositoryConfigurationExtensionSupport : Spring Data Redis - Could not safely identify store assignment for repository candidate interface com.sss.app.repository.itinerary.ItineraryItemRepository; If you want this repository to be a Redis repository, consider annotating your entities with one of these annotations: org.springframework.data.redis.core.RedisHash (preferred), or consider extending one of the following types with your repository: org.springframework.data.keyvalue.repository.KeyValueRepository
2026-08-05T16:49:45.671+05:30  INFO 16768 --- [sss-server] [  restartedMain] .RepositoryConfigurationExtensionSupport : Spring Data Redis - Could not safely identify store assignment for repository candidate interface com.sss.app.repository.itinerary.ItineraryRepository; If you want this repository to be a Redis repository, consider annotating your entities with one of these annotations: org.springframework.data.redis.core.RedisHash (preferred), or consider extending one of the following types with your repository: org.springframework.data.keyvalue.repository.KeyValueRepository
2026-08-05T16:49:45.671+05:30  INFO 16768 --- [sss-server] [  restartedMain] .RepositoryConfigurationExtensionSupport : Spring Data Redis - Could not safely identify store assignment for repository candidate interface com.sss.app.repository.lead.LeadRepository; If you want this repository to be a Redis repository, consider annotating your entities with one of these annotations: org.springframework.data.redis.core.RedisHash (preferred), or consider extending one of the following types with your repository: org.springframework.data.keyvalue.repository.KeyValueRepository
2026-08-05T16:49:45.671+05:30  INFO 16768 --- [sss-server] [  restartedMain] .RepositoryConfigurationExtensionSupport : Spring Data Redis - Could not safely identify store assignment for repository candidate interface com.sss.app.repository.library.activity.ActivityRepository; If you want this repository to be a Redis repository, consider annotating your entities with one of these annotations: org.springframework.data.redis.core.RedisHash (preferred), or consider extending one of the following types with your repository: org.springframework.data.keyvalue.repository.KeyValueRepository
2026-08-05T16:49:45.671+05:30  INFO 16768 --- [sss-server] [  restartedMain] .RepositoryConfigurationExtensionSupport : Spring Data Redis - Could not safely identify store assignment for repository candidate interface com.sss.app.repository.library.escapepoint.EscapePointRepository; If you want this repository to be a Redis repository, consider annotating your entities with one of these annotations: org.springframework.data.redis.core.RedisHash (preferred), or consider extending one of the following types with your repository: org.springframework.data.keyvalue.repository.KeyValueRepository
2026-08-05T16:49:45.671+05:30  INFO 16768 --- [sss-server] [  restartedMain] .RepositoryConfigurationExtensionSupport : Spring Data Redis - Could not safely identify store assignment for repository candidate interface com.sss.app.repository.library.escapesource.EscapeSourceRepository; If you want this repository to be a Redis repository, consider annotating your entities with one of these annotations: org.springframework.data.redis.core.RedisHash (preferred), or consider extending one of the following types with your repository: org.springframework.data.keyvalue.repository.KeyValueRepository
2026-08-05T16:49:45.671+05:30  INFO 16768 --- [sss-server] [  restartedMain] .RepositoryConfigurationExtensionSupport : Spring Data Redis - Could not safely identify store assignment for repository candidate interface com.sss.app.repository.library.hotel.HotelRepository; If you want this repository to be a Redis repository, consider annotating your entities with one of these annotations: org.springframework.data.redis.core.RedisHash (preferred), or consider extending one of the following types with your repository: org.springframework.data.keyvalue.repository.KeyValueRepository
2026-08-05T16:49:45.671+05:30  INFO 16768 --- [sss-server] [  restartedMain] .RepositoryConfigurationExtensionSupport : Spring Data Redis - Could not safely identify store assignment for repository candidate interface com.sss.app.repository.library.inclusionexlusion.InclusionExclusionRepository; If you want this repository to be a Redis repository, consider annotating your entities with one of these annotations: org.springframework.data.redis.core.RedisHash (preferred), or consider extending one of the following types with your repository: org.springframework.data.keyvalue.repository.KeyValueRepository
2026-08-05T16:49:45.672+05:30  INFO 16768 --- [sss-server] [  restartedMain] .RepositoryConfigurationExtensionSupport : Spring Data Redis - Could not safely identify store assignment for repository candidate interface com.sss.app.repository.library.location.LocationRepository; If you want this repository to be a Redis repository, consider annotating your entities with one of these annotations: org.springframework.data.redis.core.RedisHash (preferred), or consider extending one of the following types with your repository: org.springframework.data.keyvalue.repository.KeyValueRepository
2026-08-05T16:49:45.672+05:30  INFO 16768 --- [sss-server] [  restartedMain] .RepositoryConfigurationExtensionSupport : Spring Data Redis - Could not safely identify store assignment for repository candidate interface com.sss.app.repository.library.mealplan.MealPlanRepository; If you want this repository to be a Redis repository, consider annotating your entities with one of these annotations: org.springframework.data.redis.core.RedisHash (preferred), or consider extending one of the following types with your repository: org.springframework.data.keyvalue.repository.KeyValueRepository
2026-08-05T16:49:45.672+05:30  INFO 16768 --- [sss-server] [  restartedMain] .RepositoryConfigurationExtensionSupport : Spring Data Redis - Could not safely identify store assignment for repository candidate interface com.sss.app.repository.library.roomtype.RoomTypeRepository; If you want this repository to be a Redis repository, consider annotating your entities with one of these annotations: org.springframework.data.redis.core.RedisHash (preferred), or consider extending one of the following types with your repository: org.springframework.data.keyvalue.repository.KeyValueRepository
2026-08-05T16:49:45.672+05:30  INFO 16768 --- [sss-server] [  restartedMain] .RepositoryConfigurationExtensionSupport : Spring Data Redis - Could not safely identify store assignment for repository candidate interface com.sss.app.repository.library.serviceprovider.ServiceProviderRepository; If you want this repository to be a Redis repository, consider annotating your entities with one of these annotations: org.springframework.data.redis.core.RedisHash (preferred), or consider extending one of the following types with your repository: org.springframework.data.keyvalue.repository.KeyValueRepository
2026-08-05T16:49:45.673+05:30  INFO 16768 --- [sss-server] [  restartedMain] .RepositoryConfigurationExtensionSupport : Spring Data Redis - Could not safely identify store assignment for repository candidate interface com.sss.app.repository.library.transport.TransportRepository; If you want this repository to be a Redis repository, consider annotating your entities with one of these annotations: org.springframework.data.redis.core.RedisHash (preferred), or consider extending one of the following types with your repository: org.springframework.data.keyvalue.repository.KeyValueRepository
2026-08-05T16:49:45.673+05:30  INFO 16768 --- [sss-server] [  restartedMain] .RepositoryConfigurationExtensionSupport : Spring Data Redis - Could not safely identify store assignment for repository candidate interface com.sss.app.repository.OrganizationRepository; If you want this repository to be a Redis repository, consider annotating your entities with one of these annotations: org.springframework.data.redis.core.RedisHash (preferred), or consider extending one of the following types with your repository: org.springframework.data.keyvalue.repository.KeyValueRepository
2026-08-05T16:49:45.673+05:30  INFO 16768 --- [sss-server] [  restartedMain] .RepositoryConfigurationExtensionSupport : Spring Data Redis - Could not safely identify store assignment for repository candidate interface com.sss.app.repository.PasswordResetTokenRepository; If you want this repository to be a Redis repository, consider annotating your entities with one of these annotations: org.springframework.data.redis.core.RedisHash (preferred), or consider extending one of the following types with your repository: org.springframework.data.keyvalue.repository.KeyValueRepository
2026-08-05T16:49:45.674+05:30  INFO 16768 --- [sss-server] [  restartedMain] .RepositoryConfigurationExtensionSupport : Spring Data Redis - Could not safely identify store assignment for repository candidate interface com.sss.app.repository.payment.PaymentMilestoneRepository; If you want this repository to be a Redis repository, consider annotating your entities with one of these annotations: org.springframework.data.redis.core.RedisHash (preferred), or consider extending one of the following types with your repository: org.springframework.data.keyvalue.repository.KeyValueRepository
2026-08-05T16:49:45.674+05:30  INFO 16768 --- [sss-server] [  restartedMain] .RepositoryConfigurationExtensionSupport : Spring Data Redis - Could not safely identify store assignment for repository candidate interface com.sss.app.repository.permissions.PermissionRepository; If you want this repository to be a Redis repository, consider annotating your entities with one of these annotations: org.springframework.data.redis.core.RedisHash (preferred), or consider extending one of the following types with your repository: org.springframework.data.keyvalue.repository.KeyValueRepository
2026-08-05T16:49:45.674+05:30  INFO 16768 --- [sss-server] [  restartedMain] .RepositoryConfigurationExtensionSupport : Spring Data Redis - Could not safely identify store assignment for repository candidate interface com.sss.app.repository.permissions.RolePermissionRepository; If you want this repository to be a Redis repository, consider annotating your entities with one of these annotations: org.springframework.data.redis.core.RedisHash (preferred), or consider extending one of the following types with your repository: org.springframework.data.keyvalue.repository.KeyValueRepository
2026-08-05T16:49:45.674+05:30  INFO 16768 --- [sss-server] [  restartedMain] .RepositoryConfigurationExtensionSupport : Spring Data Redis - Could not safely identify store assignment for repository candidate interface com.sss.app.repository.quote.QuoteRepository; If you want this repository to be a Redis repository, consider annotating your entities with one of these annotations: org.springframework.data.redis.core.RedisHash (preferred), or consider extending one of the following types with your repository: org.springframework.data.keyvalue.repository.KeyValueRepository
2026-08-05T16:49:45.675+05:30  INFO 16768 --- [sss-server] [  restartedMain] .RepositoryConfigurationExtensionSupport : Spring Data Redis - Could not safely identify store assignment for repository candidate interface com.sss.app.repository.reminder.PaymentReminderLogRepository; If you want this repository to be a Redis repository, consider annotating your entities with one of these annotations: org.springframework.data.redis.core.RedisHash (preferred), or consider extending one of the following types with your repository: org.springframework.data.keyvalue.repository.KeyValueRepository
2026-08-05T16:49:45.675+05:30  INFO 16768 --- [sss-server] [  restartedMain] .RepositoryConfigurationExtensionSupport : Spring Data Redis - Could not safely identify store assignment for repository candidate interface com.sss.app.repository.reminder.ReminderRuleRepository; If you want this repository to be a Redis repository, consider annotating your entities with one of these annotations: org.springframework.data.redis.core.RedisHash (preferred), or consider extending one of the following types with your repository: org.springframework.data.keyvalue.repository.KeyValueRepository
2026-08-05T16:49:45.675+05:30  INFO 16768 --- [sss-server] [  restartedMain] .RepositoryConfigurationExtensionSupport : Spring Data Redis - Could not safely identify store assignment for repository candidate interface com.sss.app.repository.RoleRepository; If you want this repository to be a Redis repository, consider annotating your entities with one of these annotations: org.springframework.data.redis.core.RedisHash (preferred), or consider extending one of the following types with your repository: org.springframework.data.keyvalue.repository.KeyValueRepository
2026-08-05T16:49:45.675+05:30  INFO 16768 --- [sss-server] [  restartedMain] .RepositoryConfigurationExtensionSupport : Spring Data Redis - Could not safely identify store assignment for repository candidate interface com.sss.app.repository.system.CurrencyRepository; If you want this repository to be a Redis repository, consider annotating your entities with one of these annotations: org.springframework.data.redis.core.RedisHash (preferred), or consider extending one of the following types with your repository: org.springframework.data.keyvalue.repository.KeyValueRepository
2026-08-05T16:49:45.676+05:30  INFO 16768 --- [sss-server] [  restartedMain] .RepositoryConfigurationExtensionSupport : Spring Data Redis - Could not safely identify store assignment for repository candidate interface com.sss.app.repository.taxprofile.TaxProfileRepository; If you want this repository to be a Redis repository, consider annotating your entities with one of these annotations: org.springframework.data.redis.core.RedisHash (preferred), or consider extending one of the following types with your repository: org.springframework.data.keyvalue.repository.KeyValueRepository
2026-08-05T16:49:45.676+05:30  INFO 16768 --- [sss-server] [  restartedMain] .RepositoryConfigurationExtensionSupport : Spring Data Redis - Could not safely identify store assignment for repository candidate interface com.sss.app.repository.traveller.TravellerRepository; If you want this repository to be a Redis repository, consider annotating your entities with one of these annotations: org.springframework.data.redis.core.RedisHash (preferred), or consider extending one of the following types with your repository: org.springframework.data.keyvalue.repository.KeyValueRepository
2026-08-05T16:49:45.677+05:30  INFO 16768 --- [sss-server] [  restartedMain] .RepositoryConfigurationExtensionSupport : Spring Data Redis - Could not safely identify store assignment for repository candidate interface com.sss.app.repository.UserCredentialRepository; If you want this repository to be a Redis repository, consider annotating your entities with one of these annotations: org.springframework.data.redis.core.RedisHash (preferred), or consider extending one of the following types with your repository: org.springframework.data.keyvalue.repository.KeyValueRepository
2026-08-05T16:49:45.677+05:30  INFO 16768 --- [sss-server] [  restartedMain] .RepositoryConfigurationExtensionSupport : Spring Data Redis - Could not safely identify store assignment for repository candidate interface com.sss.app.repository.UserRepository; If you want this repository to be a Redis repository, consider annotating your entities with one of these annotations: org.springframework.data.redis.core.RedisHash (preferred), or consider extending one of the following types with your repository: org.springframework.data.keyvalue.repository.KeyValueRepository
2026-08-05T16:49:45.678+05:30  INFO 16768 --- [sss-server] [  restartedMain] .RepositoryConfigurationExtensionSupport : Spring Data Redis - Could not safely identify store assignment for repository candidate interface com.sss.app.repository.UserRoleLinkRepository; If you want this repository to be a Redis repository, consider annotating your entities with one of these annotations: org.springframework.data.redis.core.RedisHash (preferred), or consider extending one of the following types with your repository: org.springframework.data.keyvalue.repository.KeyValueRepository
2026-08-05T16:49:45.678+05:30  INFO 16768 --- [sss-server] [  restartedMain] .RepositoryConfigurationExtensionSupport : Spring Data Redis - Could not safely identify store assignment for repository candidate interface com.sss.app.repository.UserSessionRepository; If you want this repository to be a Redis repository, consider annotating your entities with one of these annotations: org.springframework.data.redis.core.RedisHash (preferred), or consider extending one of the following types with your repository: org.springframework.data.keyvalue.repository.KeyValueRepository
2026-08-05T16:49:45.678+05:30  INFO 16768 --- [sss-server] [  restartedMain] .s.d.r.c.RepositoryConfigurationDelegate : Finished Spring Data repository scanning in 60 ms. Found 0 Redis repository interfaces.
2026-08-05T16:49:45.869+05:30  INFO 16768 --- [sss-server] [  restartedMain] o.s.b.w.embedded.tomcat.TomcatWebServer  : Tomcat initialized with port 8080 (http)
2026-08-05T16:49:45.870+05:30  INFO 16768 --- [sss-server] [  restartedMain] o.apache.catalina.core.StandardService   : Starting service [Tomcat]
2026-08-05T16:49:45.871+05:30  INFO 16768 --- [sss-server] [  restartedMain] o.apache.catalina.core.StandardEngine    : Starting Servlet engine: [Apache Tomcat/10.1.41]
2026-08-05T16:49:45.899+05:30  INFO 16768 --- [sss-server] [  restartedMain] o.a.c.c.C.[Tomcat-8].[localhost].[/sss]  : Initializing Spring embedded WebApplicationContext
2026-08-05T16:49:45.900+05:30  INFO 16768 --- [sss-server] [  restartedMain] w.s.c.ServletWebServerApplicationContext : Root WebApplicationContext: initialization completed in 1086 ms
2026-08-05T16:49:45.999+05:30  INFO 16768 --- [sss-server] [  restartedMain] com.zaxxer.hikari.HikariDataSource       : HikariPool-12 - Starting...
2026-08-05T16:49:48.012+05:30  INFO 16768 --- [sss-server] [  restartedMain] com.zaxxer.hikari.pool.HikariPool        : HikariPool-12 - Added connection org.postgresql.jdbc.PgConnection@294bb445
2026-08-05T16:49:48.015+05:30  INFO 16768 --- [sss-server] [  restartedMain] com.zaxxer.hikari.HikariDataSource       : HikariPool-12 - Start completed.
2026-08-05T16:49:48.214+05:30  INFO 16768 --- [sss-server] [  restartedMain] org.flywaydb.core.FlywayExecutor         : Database: jdbc:postgresql://sss-db-3.cniiyyk2y5un.eu-north-1.rds.amazonaws.com:5432/sssdb (PostgreSQL 18.3)
2026-08-05T16:49:49.800+05:30  WARN 16768 --- [sss-server] [  restartedMain] o.f.c.internal.database.base.Database    : Flyway upgrade recommended: PostgreSQL 18.3 is newer than this version of Flyway and support has not been tested. The latest supported version of PostgreSQL is 17.
2026-08-05T16:49:50.804+05:30  INFO 16768 --- [sss-server] [  restartedMain] o.f.core.internal.command.DbValidate     : Successfully validated 43 migrations (execution time 00:00.800s)
2026-08-05T16:49:53.363+05:30  INFO 16768 --- [sss-server] [  restartedMain] o.f.core.internal.command.DbMigrate      : Current version of schema "public": 42
2026-08-05T16:49:53.565+05:30  INFO 16768 --- [sss-server] [  restartedMain] o.f.core.internal.command.DbMigrate      : Schema "public" is up to date. No migration necessary.
2026-08-05T16:49:54.942+05:30  INFO 16768 --- [sss-server] [  restartedMain] o.hibernate.jpa.internal.util.LogHelper  : HHH000204: Processing PersistenceUnitInfo [name: default]
2026-08-05T16:49:54.949+05:30  INFO 16768 --- [sss-server] [  restartedMain] o.h.c.internal.RegionFactoryInitiator    : HHH000026: Second-level cache disabled
2026-08-05T16:49:54.963+05:30  INFO 16768 --- [sss-server] [  restartedMain] o.s.o.j.p.SpringPersistenceUnitInfo      : No LoadTimeWeaver setup: ignoring JPA class transformer
2026-08-05T16:49:55.169+05:30  WARN 16768 --- [sss-server] [  restartedMain] org.hibernate.orm.deprecation            : HHH90000025: PostgreSQLDialect does not need to be specified explicitly using 'hibernate.dialect' (remove the property setting and it will be selected by default)
2026-08-05T16:49:55.568+05:30  INFO 16768 --- [sss-server] [  restartedMain] org.hibernate.orm.connections.pooling    : HHH10001005: Database info:
	Database JDBC URL [Connecting through datasource 'HikariDataSource (HikariPool-12)']
	Database driver: undefined/unknown
	Database version: 18.3
	Autocommit mode: undefined/unknown
	Isolation level: undefined/unknown
	Minimum pool size: undefined/unknown
	Maximum pool size: undefined/unknown
2026-08-05T16:49:58.025+05:30  INFO 16768 --- [sss-server] [  restartedMain] o.h.e.t.j.p.i.JtaPlatformInitiator       : HHH000489: No JTA platform available (set 'hibernate.transaction.jta.platform' to enable JTA platform integration)
2026-08-05T16:49:59.861+05:30  INFO 16768 --- [sss-server] [  restartedMain] j.LocalContainerEntityManagerFactoryBean : Initialized JPA EntityManagerFactory for persistence unit 'default'
2026-08-05T16:50:00.218+05:30  INFO 16768 --- [sss-server] [  restartedMain] o.s.boot.web.servlet.RegistrationBean    : Filter disableAutoRegistration was not registered (disabled)
2026-08-05T16:50:01.190+05:30  INFO 16768 --- [sss-server] [  restartedMain] com.sss.app.jwtToken.KeyProvider         : JWT signing key loaded from JWT_PRIVATE_KEY/JWT_PUBLIC_KEY — stable across restarts.
2026-08-05T16:50:02.297+05:30  WARN 16768 --- [sss-server] [  restartedMain] c.s.a.s.c.MetaTokenEncryptionKeyProvider : No META_TOKEN_ENCRYPTION_KEY configured — generated a throwaway key for this process only. Every previously stored Meta access token will fail to decrypt on the next restart. Set META_TOKEN_ENCRYPTION_KEY (base64, 32 bytes) before connecting any real Facebook/Instagram account.
2026-08-05T16:50:03.074+05:30  WARN 16768 --- [sss-server] [  restartedMain] JpaBaseConfiguration$JpaWebConfiguration : spring.jpa.open-in-view is enabled by default. Therefore, database queries may be performed during view rendering. Explicitly configure spring.jpa.open-in-view to disable this warning
2026-08-05T16:50:03.250+05:30  WARN 16768 --- [sss-server] [  restartedMain] .s.s.UserDetailsServiceAutoConfiguration : 

Using generated security password: a05673a0-ca49-4a0a-a3b5-1f91d3052850

This generated password is for development use only. Your security configuration must be updated before running your application in production.

2026-08-05T16:50:03.253+05:30  INFO 16768 --- [sss-server] [  restartedMain] r$InitializeUserDetailsManagerConfigurer : Global AuthenticationManager configured with UserDetailsService bean with name inMemoryUserDetailsManager
2026-08-05T16:50:03.543+05:30  INFO 16768 --- [sss-server] [  restartedMain] o.s.b.d.a.OptionalLiveReloadServer       : LiveReload server is running on port 35729
2026-08-05T16:50:03.567+05:30  INFO 16768 --- [sss-server] [  restartedMain] o.s.b.w.embedded.tomcat.TomcatWebServer  : Tomcat started on port 8080 (http) with context path '/sss'
2026-08-05T16:50:03.573+05:30  INFO 16768 --- [sss-server] [  restartedMain] com.sss.app.SssAppApplication            : Started SssAppApplication in 18.785 seconds (process running for 105954.031)
2026-08-05T16:50:03.575+05:30  INFO 16768 --- [sss-server] [  restartedMain] .ConditionEvaluationDeltaLoggingListener : Condition evaluation unchanged
2026-08-05T16:53:07.026+05:30  INFO 16768 --- [sss-server] [nio-8080-exec-2] o.a.c.c.C.[Tomcat-8].[localhost].[/sss]  : Initializing Spring DispatcherServlet 'dispatcherServlet'
2026-08-05T16:53:07.028+05:30  INFO 16768 --- [sss-server] [nio-8080-exec-2] o.s.web.servlet.DispatcherServlet        : Initializing Servlet 'dispatcherServlet'
2026-08-05T16:53:07.041+05:30  INFO 16768 --- [sss-server] [nio-8080-exec-2] o.s.web.servlet.DispatcherServlet        : Completed initialization in 12 ms
2026-08-05T16:57:08.164+05:30  WARN 16768 --- [sss-server] [nio-8080-exec-4] .m.m.a.ExceptionHandlerExceptionResolver : Resolved [com.sss.app.exception.NotFoundException: No deal exists for this escape yet]
2026-08-05T16:57:09.198+05:30  WARN 16768 --- [sss-server] [nio-8080-exec-8] .m.m.a.ExceptionHandlerExceptionResolver : Resolved [com.sss.app.exception.NotFoundException: No deal exists for this escape yet]
2026-08-05T17:01:26.353+05:30  INFO 16768 --- [sss-server] [   File Watcher] rtingClassPathChangeChangedEventListener : Restarting due to 490 class path changes (0 additions, 490 deletions, 0 modifications)
2026-08-05T17:01:26.362+05:30  INFO 16768 --- [sss-server] [      Thread-27] o.s.b.w.e.tomcat.GracefulShutdown        : Commencing graceful shutdown. Waiting for active requests to complete
2026-08-05T17:01:26.374+05:30  INFO 16768 --- [sss-server] [tomcat-shutdown] o.s.b.w.e.tomcat.GracefulShutdown        : Graceful shutdown complete
2026-08-05T17:01:26.397+05:30  INFO 16768 --- [sss-server] [      Thread-27] j.LocalContainerEntityManagerFactoryBean : Closing JPA EntityManagerFactory for persistence unit 'default'
2026-08-05T17:01:26.400+05:30  INFO 16768 --- [sss-server] [      Thread-27] com.zaxxer.hikari.HikariDataSource       : HikariPool-12 - Shutdown initiated...
2026-08-05T17:01:28.463+05:30  INFO 16768 --- [sss-server] [      Thread-27] com.zaxxer.hikari.HikariDataSource       : HikariPool-12 - Shutdown completed.

  .   ____          _            __ _ _
 /\\ / ___'_ __ _ _(_)_ __  __ _ \ \ \ \
( ( )\___ | '_ | '_| | '_ \/ _` | \ \ \ \
 \\/  ___)| |_)| | | | | || (_| |  ) ) ) )
  '  |____| .__|_| |_|_| |_\__, | / / / /
 =========|_|==============|___/=/_/_/_/

 :: Spring Boot ::                (v3.5.0)

2026-08-05T17:01:28.667+05:30  INFO 16768 --- [sss-server] [  restartedMain] com.sss.app.SssAppApplication            : Starting SssAppApplication using Java 24.0.1 with PID 16768 (C:\Users\sacch\Documents\sss\development\backend\sss-server\target\classes started by sacch in C:\Users\sacch\Documents\sss\development\backend\sss-server)
2026-08-05T17:01:28.668+05:30  INFO 16768 --- [sss-server] [  restartedMain] com.sss.app.SssAppApplication            : No active profile set, falling back to 1 default profile: "default"
2026-08-05T17:01:29.548+05:30  INFO 16768 --- [sss-server] [  restartedMain] .s.d.r.c.RepositoryConfigurationDelegate : Multiple Spring Data modules found, entering strict repository configuration mode
2026-08-05T17:01:29.549+05:30  INFO 16768 --- [sss-server] [  restartedMain] .s.d.r.c.RepositoryConfigurationDelegate : Bootstrapping Spring Data JPA repositories in DEFAULT mode.
2026-08-05T17:01:29.644+05:30  INFO 16768 --- [sss-server] [  restartedMain] .s.d.r.c.RepositoryConfigurationDelegate : Finished Spring Data repository scanning in 90 ms. Found 0 JPA repository interfaces.
2026-08-05T17:01:29.653+05:30  INFO 16768 --- [sss-server] [  restartedMain] .s.d.r.c.RepositoryConfigurationDelegate : Multiple Spring Data modules found, entering strict repository configuration mode
2026-08-05T17:01:29.654+05:30  INFO 16768 --- [sss-server] [  restartedMain] .s.d.r.c.RepositoryConfigurationDelegate : Bootstrapping Spring Data Redis repositories in DEFAULT mode.
2026-08-05T17:01:29.737+05:30  INFO 16768 --- [sss-server] [  restartedMain] .s.d.r.c.RepositoryConfigurationDelegate : Finished Spring Data repository scanning in 80 ms. Found 0 Redis repository interfaces.
2026-08-05T17:01:30.198+05:30  INFO 16768 --- [sss-server] [  restartedMain] o.s.b.w.embedded.tomcat.TomcatWebServer  : Tomcat initialized with port 8080 (http)
2026-08-05T17:01:30.204+05:30  INFO 16768 --- [sss-server] [  restartedMain] o.apache.catalina.core.StandardService   : Starting service [Tomcat]
2026-08-05T17:01:30.206+05:30  INFO 16768 --- [sss-server] [  restartedMain] o.apache.catalina.core.StandardEngine    : Starting Servlet engine: [Apache Tomcat/10.1.41]
2026-08-05T17:01:30.261+05:30  INFO 16768 --- [sss-server] [  restartedMain] o.a.c.c.C.[Tomcat-8].[localhost].[/sss]  : Initializing Spring embedded WebApplicationContext
2026-08-05T17:01:30.262+05:30  INFO 16768 --- [sss-server] [  restartedMain] w.s.c.ServletWebServerApplicationContext : Root WebApplicationContext: initialization completed in 1587 ms
2026-08-05T17:01:30.362+05:30  INFO 16768 --- [sss-server] [  restartedMain] com.zaxxer.hikari.HikariDataSource       : HikariPool-13 - Starting...
2026-08-05T17:01:32.489+05:30  INFO 16768 --- [sss-server] [  restartedMain] com.zaxxer.hikari.pool.HikariPool        : HikariPool-13 - Added connection org.postgresql.jdbc.PgConnection@66dc304
2026-08-05T17:01:32.490+05:30  INFO 16768 --- [sss-server] [  restartedMain] com.zaxxer.hikari.HikariDataSource       : HikariPool-13 - Start completed.
2026-08-05T17:01:32.695+05:30  INFO 16768 --- [sss-server] [  restartedMain] org.flywaydb.core.FlywayExecutor         : Database: jdbc:postgresql://sss-db-3.cniiyyk2y5un.eu-north-1.rds.amazonaws.com:5432/sssdb (PostgreSQL 18.3)
2026-08-05T17:01:34.334+05:30  WARN 16768 --- [sss-server] [  restartedMain] o.f.c.internal.database.base.Database    : Flyway upgrade recommended: PostgreSQL 18.3 is newer than this version of Flyway and support has not been tested. The latest supported version of PostgreSQL is 17.
2026-08-05T17:01:35.438+05:30  INFO 16768 --- [sss-server] [  restartedMain] o.f.core.internal.command.DbValidate     : Successfully validated 43 migrations (execution time 00:00.874s)
2026-08-05T17:01:39.264+05:30  INFO 16768 --- [sss-server] [  restartedMain] o.f.core.internal.command.DbMigrate      : Current version of schema "public": 42
2026-08-05T17:01:39.465+05:30  INFO 16768 --- [sss-server] [  restartedMain] o.f.core.internal.command.DbMigrate      : Schema "public" is up to date. No migration necessary.
2026-08-05T17:01:40.953+05:30  INFO 16768 --- [sss-server] [  restartedMain] o.hibernate.jpa.internal.util.LogHelper  : HHH000204: Processing PersistenceUnitInfo [name: default]
2026-08-05T17:01:40.976+05:30  INFO 16768 --- [sss-server] [  restartedMain] o.h.c.internal.RegionFactoryInitiator    : HHH000026: Second-level cache disabled
2026-08-05T17:01:41.020+05:30  INFO 16768 --- [sss-server] [  restartedMain] o.s.o.j.p.SpringPersistenceUnitInfo      : No LoadTimeWeaver setup: ignoring JPA class transformer
2026-08-05T17:01:41.241+05:30  WARN 16768 --- [sss-server] [  restartedMain] org.hibernate.orm.deprecation            : HHH90000025: PostgreSQLDialect does not need to be specified explicitly using 'hibernate.dialect' (remove the property setting and it will be selected by default)
2026-08-05T17:01:41.647+05:30  INFO 16768 --- [sss-server] [  restartedMain] org.hibernate.orm.connections.pooling    : HHH10001005: Database info:
	Database JDBC URL [Connecting through datasource 'HikariDataSource (HikariPool-13)']
	Database driver: undefined/unknown
	Database version: 18.3
	Autocommit mode: undefined/unknown
	Isolation level: undefined/unknown
	Minimum pool size: undefined/unknown
	Maximum pool size: undefined/unknown
2026-08-05T17:01:41.716+05:30  INFO 16768 --- [sss-server] [  restartedMain] o.h.e.t.j.p.i.JtaPlatformInitiator       : HHH000489: No JTA platform available (set 'hibernate.transaction.jta.platform' to enable JTA platform integration)
2026-08-05T17:01:41.718+05:30  INFO 16768 --- [sss-server] [  restartedMain] j.LocalContainerEntityManagerFactoryBean : Initialized JPA EntityManagerFactory for persistence unit 'default'
2026-08-05T17:01:41.786+05:30  WARN 16768 --- [sss-server] [  restartedMain] ConfigServletWebServerApplicationContext : Exception encountered during context initialization - cancelling refresh attempt: org.springframework.beans.factory.BeanCreationException: Error creating bean with name 'jpaAuditingHandler': Cannot create inner bean '(inner bean)#5174f43' of type [org.springframework.aop.framework.ProxyFactoryBean] while setting bean property 'auditorAware'
2026-08-05T17:01:41.787+05:30  INFO 16768 --- [sss-server] [  restartedMain] j.LocalContainerEntityManagerFactoryBean : Closing JPA EntityManagerFactory for persistence unit 'default'
2026-08-05T17:01:41.788+05:30  INFO 16768 --- [sss-server] [  restartedMain] com.zaxxer.hikari.HikariDataSource       : HikariPool-13 - Shutdown initiated...
2026-08-05T17:01:43.254+05:30  INFO 16768 --- [sss-server] [  restartedMain] com.zaxxer.hikari.HikariDataSource       : HikariPool-13 - Shutdown completed.
2026-08-05T17:01:43.257+05:30  INFO 16768 --- [sss-server] [  restartedMain] o.apache.catalina.core.StandardService   : Stopping service [Tomcat]
2026-08-05T17:01:43.270+05:30  INFO 16768 --- [sss-server] [  restartedMain] .s.b.a.l.ConditionEvaluationReportLogger : 

Error starting ApplicationContext. To display the condition evaluation report re-run your application with 'debug' enabled.
2026-08-05T17:01:43.283+05:30 ERROR 16768 --- [sss-server] [  restartedMain] o.s.b.d.LoggingFailureAnalysisReporter   : 

***************************
APPLICATION FAILED TO START
***************************

Description:

A component required a bean named 'auditorAware' that could not be found.


Action:

Consider defining a bean named 'auditorAware' in your configuration.


  .   ____          _            __ _ _
 /\\ / ___'_ __ _ _(_)_ __  __ _ \ \ \ \
( ( )\___ | '_ | '_| | '_ \/ _` | \ \ \ \
 \\/  ___)| |_)| | | | | || (_| |  ) ) ) )
  '  |____| .__|_| |_|_| |_\__, | / / / /
 =========|_|==============|___/=/_/_/_/

 :: Spring Boot ::                (v3.5.0)

2026-08-05T17:01:51.839+05:30  INFO 16768 --- [sss-server] [  restartedMain] com.sss.app.SssAppApplication            : Starting SssAppApplication using Java 24.0.1 with PID 16768 (C:\Users\sacch\Documents\sss\development\backend\sss-server\target\classes started by sacch in C:\Users\sacch\Documents\sss\development\backend\sss-server)
2026-08-05T17:01:51.839+05:30  INFO 16768 --- [sss-server] [  restartedMain] com.sss.app.SssAppApplication            : No active profile set, falling back to 1 default profile: "default"
2026-08-05T17:01:52.314+05:30  INFO 16768 --- [sss-server] [  restartedMain] .s.d.r.c.RepositoryConfigurationDelegate : Multiple Spring Data modules found, entering strict repository configuration mode
2026-08-05T17:01:52.315+05:30  INFO 16768 --- [sss-server] [  restartedMain] .s.d.r.c.RepositoryConfigurationDelegate : Bootstrapping Spring Data JPA repositories in DEFAULT mode.
2026-08-05T17:01:52.809+05:30  INFO 16768 --- [sss-server] [  restartedMain] .s.d.r.c.RepositoryConfigurationDelegate : Finished Spring Data repository scanning in 492 ms. Found 44 JPA repository interfaces.
2026-08-05T17:01:52.820+05:30  INFO 16768 --- [sss-server] [  restartedMain] .s.d.r.c.RepositoryConfigurationDelegate : Multiple Spring Data modules found, entering strict repository configuration mode
2026-08-05T17:01:52.821+05:30  INFO 16768 --- [sss-server] [  restartedMain] .s.d.r.c.RepositoryConfigurationDelegate : Bootstrapping Spring Data Redis repositories in DEFAULT mode.
2026-08-05T17:01:52.945+05:30  INFO 16768 --- [sss-server] [  restartedMain] .RepositoryConfigurationExtensionSupport : Spring Data Redis - Could not safely identify store assignment for repository candidate interface com.sss.app.repository.address.AddressConstraintRepository; If you want this repository to be a Redis repository, consider annotating your entities with one of these annotations: org.springframework.data.redis.core.RedisHash (preferred), or consider extending one of the following types with your repository: org.springframework.data.keyvalue.repository.KeyValueRepository
2026-08-05T17:01:52.946+05:30  INFO 16768 --- [sss-server] [  restartedMain] .RepositoryConfigurationExtensionSupport : Spring Data Redis - Could not safely identify store assignment for repository candidate interface com.sss.app.repository.address.AddressRepository; If you want this repository to be a Redis repository, consider annotating your entities with one of these annotations: org.springframework.data.redis.core.RedisHash (preferred), or consider extending one of the following types with your repository: org.springframework.data.keyvalue.repository.KeyValueRepository
2026-08-05T17:01:52.948+05:30  INFO 16768 --- [sss-server] [  restartedMain] .RepositoryConfigurationExtensionSupport : Spring Data Redis - Could not safely identify store assignment for repository candidate interface com.sss.app.repository.assignment.PriorityCalendarEntryRepository; If you want this repository to be a Redis repository, consider annotating your entities with one of these annotations: org.springframework.data.redis.core.RedisHash (preferred), or consider extending one of the following types with your repository: org.springframework.data.keyvalue.repository.KeyValueRepository
2026-08-05T17:01:52.949+05:30  INFO 16768 --- [sss-server] [  restartedMain] .RepositoryConfigurationExtensionSupport : Spring Data Redis - Could not safely identify store assignment for repository candidate interface com.sss.app.repository.audit.AuditLogRepository; If you want this repository to be a Redis repository, consider annotating your entities with one of these annotations: org.springframework.data.redis.core.RedisHash (preferred), or consider extending one of the following types with your repository: org.springframework.data.keyvalue.repository.KeyValueRepository
2026-08-05T17:01:52.949+05:30  INFO 16768 --- [sss-server] [  restartedMain] .RepositoryConfigurationExtensionSupport : Spring Data Redis - Could not safely identify store assignment for repository candidate interface com.sss.app.repository.BankAccountRepository; If you want this repository to be a Redis repository, consider annotating your entities with one of these annotations: org.springframework.data.redis.core.RedisHash (preferred), or consider extending one of the following types with your repository: org.springframework.data.keyvalue.repository.KeyValueRepository
2026-08-05T17:01:52.951+05:30  INFO 16768 --- [sss-server] [  restartedMain] .RepositoryConfigurationExtensionSupport : Spring Data Redis - Could not safely identify store assignment for repository candidate interface com.sss.app.repository.deal.DealRepository; If you want this repository to be a Redis repository, consider annotating your entities with one of these annotations: org.springframework.data.redis.core.RedisHash (preferred), or consider extending one of the following types with your repository: org.springframework.data.keyvalue.repository.KeyValueRepository
2026-08-05T17:01:52.951+05:30  INFO 16768 --- [sss-server] [  restartedMain] .RepositoryConfigurationExtensionSupport : Spring Data Redis - Could not safely identify store assignment for repository candidate interface com.sss.app.repository.escape.EscapeRepository; If you want this repository to be a Redis repository, consider annotating your entities with one of these annotations: org.springframework.data.redis.core.RedisHash (preferred), or consider extending one of the following types with your repository: org.springframework.data.keyvalue.repository.KeyValueRepository
2026-08-05T17:01:52.952+05:30  INFO 16768 --- [sss-server] [  restartedMain] .RepositoryConfigurationExtensionSupport : Spring Data Redis - Could not safely identify store assignment for repository candidate interface com.sss.app.repository.integration.IntegrationConnectionRepository; If you want this repository to be a Redis repository, consider annotating your entities with one of these annotations: org.springframework.data.redis.core.RedisHash (preferred), or consider extending one of the following types with your repository: org.springframework.data.keyvalue.repository.KeyValueRepository
2026-08-05T17:01:52.953+05:30  INFO 16768 --- [sss-server] [  restartedMain] .RepositoryConfigurationExtensionSupport : Spring Data Redis - Could not safely identify store assignment for repository candidate interface com.sss.app.repository.integration.meta.LeadImportAttemptRepository; If you want this repository to be a Redis repository, consider annotating your entities with one of these annotations: org.springframework.data.redis.core.RedisHash (preferred), or consider extending one of the following types with your repository: org.springframework.data.keyvalue.repository.KeyValueRepository
2026-08-05T17:01:52.954+05:30  INFO 16768 --- [sss-server] [  restartedMain] .RepositoryConfigurationExtensionSupport : Spring Data Redis - Could not safely identify store assignment for repository candidate interface com.sss.app.repository.integration.meta.LeadSourceMetadataRepository; If you want this repository to be a Redis repository, consider annotating your entities with one of these annotations: org.springframework.data.redis.core.RedisHash (preferred), or consider extending one of the following types with your repository: org.springframework.data.keyvalue.repository.KeyValueRepository
2026-08-05T17:01:52.955+05:30  INFO 16768 --- [sss-server] [  restartedMain] .RepositoryConfigurationExtensionSupport : Spring Data Redis - Could not safely identify store assignment for repository candidate interface com.sss.app.repository.integration.meta.MetaChannelConfigRepository; If you want this repository to be a Redis repository, consider annotating your entities with one of these annotations: org.springframework.data.redis.core.RedisHash (preferred), or consider extending one of the following types with your repository: org.springframework.data.keyvalue.repository.KeyValueRepository
2026-08-05T17:01:52.956+05:30  INFO 16768 --- [sss-server] [  restartedMain] .RepositoryConfigurationExtensionSupport : Spring Data Redis - Could not safely identify store assignment for repository candidate interface com.sss.app.repository.integration.meta.MetaFieldMappingRepository; If you want this repository to be a Redis repository, consider annotating your entities with one of these annotations: org.springframework.data.redis.core.RedisHash (preferred), or consider extending one of the following types with your repository: org.springframework.data.keyvalue.repository.KeyValueRepository
2026-08-05T17:01:52.957+05:30  INFO 16768 --- [sss-server] [  restartedMain] .RepositoryConfigurationExtensionSupport : Spring Data Redis - Could not safely identify store assignment for repository candidate interface com.sss.app.repository.integration.meta.MetaWebhookEventRepository; If you want this repository to be a Redis repository, consider annotating your entities with one of these annotations: org.springframework.data.redis.core.RedisHash (preferred), or consider extending one of the following types with your repository: org.springframework.data.keyvalue.repository.KeyValueRepository
2026-08-05T17:01:52.958+05:30  INFO 16768 --- [sss-server] [  restartedMain] .RepositoryConfigurationExtensionSupport : Spring Data Redis - Could not safely identify store assignment for repository candidate interface com.sss.app.repository.InvitationTokenRepository; If you want this repository to be a Redis repository, consider annotating your entities with one of these annotations: org.springframework.data.redis.core.RedisHash (preferred), or consider extending one of the following types with your repository: org.springframework.data.keyvalue.repository.KeyValueRepository
2026-08-05T17:01:52.959+05:30  INFO 16768 --- [sss-server] [  restartedMain] .RepositoryConfigurationExtensionSupport : Spring Data Redis - Could not safely identify store assignment for repository candidate interface com.sss.app.repository.itinerary.ItineraryContentItemRepository; If you want this repository to be a Redis repository, consider annotating your entities with one of these annotations: org.springframework.data.redis.core.RedisHash (preferred), or consider extending one of the following types with your repository: org.springframework.data.keyvalue.repository.KeyValueRepository
2026-08-05T17:01:52.960+05:30  INFO 16768 --- [sss-server] [  restartedMain] .RepositoryConfigurationExtensionSupport : Spring Data Redis - Could not safely identify store assignment for repository candidate interface com.sss.app.repository.itinerary.ItineraryItemRepository; If you want this repository to be a Redis repository, consider annotating your entities with one of these annotations: org.springframework.data.redis.core.RedisHash (preferred), or consider extending one of the following types with your repository: org.springframework.data.keyvalue.repository.KeyValueRepository
2026-08-05T17:01:52.961+05:30  INFO 16768 --- [sss-server] [  restartedMain] .RepositoryConfigurationExtensionSupport : Spring Data Redis - Could not safely identify store assignment for repository candidate interface com.sss.app.repository.itinerary.ItineraryRepository; If you want this repository to be a Redis repository, consider annotating your entities with one of these annotations: org.springframework.data.redis.core.RedisHash (preferred), or consider extending one of the following types with your repository: org.springframework.data.keyvalue.repository.KeyValueRepository
2026-08-05T17:01:52.962+05:30  INFO 16768 --- [sss-server] [  restartedMain] .RepositoryConfigurationExtensionSupport : Spring Data Redis - Could not safely identify store assignment for repository candidate interface com.sss.app.repository.lead.LeadRepository; If you want this repository to be a Redis repository, consider annotating your entities with one of these annotations: org.springframework.data.redis.core.RedisHash (preferred), or consider extending one of the following types with your repository: org.springframework.data.keyvalue.repository.KeyValueRepository
2026-08-05T17:01:52.963+05:30  INFO 16768 --- [sss-server] [  restartedMain] .RepositoryConfigurationExtensionSupport : Spring Data Redis - Could not safely identify store assignment for repository candidate interface com.sss.app.repository.library.activity.ActivityRepository; If you want this repository to be a Redis repository, consider annotating your entities with one of these annotations: org.springframework.data.redis.core.RedisHash (preferred), or consider extending one of the following types with your repository: org.springframework.data.keyvalue.repository.KeyValueRepository
2026-08-05T17:01:52.965+05:30  INFO 16768 --- [sss-server] [  restartedMain] .RepositoryConfigurationExtensionSupport : Spring Data Redis - Could not safely identify store assignment for repository candidate interface com.sss.app.repository.library.escapepoint.EscapePointRepository; If you want this repository to be a Redis repository, consider annotating your entities with one of these annotations: org.springframework.data.redis.core.RedisHash (preferred), or consider extending one of the following types with your repository: org.springframework.data.keyvalue.repository.KeyValueRepository
2026-08-05T17:01:52.965+05:30  INFO 16768 --- [sss-server] [  restartedMain] .RepositoryConfigurationExtensionSupport : Spring Data Redis - Could not safely identify store assignment for repository candidate interface com.sss.app.repository.library.escapesource.EscapeSourceRepository; If you want this repository to be a Redis repository, consider annotating your entities with one of these annotations: org.springframework.data.redis.core.RedisHash (preferred), or consider extending one of the following types with your repository: org.springframework.data.keyvalue.repository.KeyValueRepository
2026-08-05T17:01:52.966+05:30  INFO 16768 --- [sss-server] [  restartedMain] .RepositoryConfigurationExtensionSupport : Spring Data Redis - Could not safely identify store assignment for repository candidate interface com.sss.app.repository.library.hotel.HotelRepository; If you want this repository to be a Redis repository, consider annotating your entities with one of these annotations: org.springframework.data.redis.core.RedisHash (preferred), or consider extending one of the following types with your repository: org.springframework.data.keyvalue.repository.KeyValueRepository
2026-08-05T17:01:52.967+05:30  INFO 16768 --- [sss-server] [  restartedMain] .RepositoryConfigurationExtensionSupport : Spring Data Redis - Could not safely identify store assignment for repository candidate interface com.sss.app.repository.library.inclusionexlusion.InclusionExclusionRepository; If you want this repository to be a Redis repository, consider annotating your entities with one of these annotations: org.springframework.data.redis.core.RedisHash (preferred), or consider extending one of the following types with your repository: org.springframework.data.keyvalue.repository.KeyValueRepository
2026-08-05T17:01:52.968+05:30  INFO 16768 --- [sss-server] [  restartedMain] .RepositoryConfigurationExtensionSupport : Spring Data Redis - Could not safely identify store assignment for repository candidate interface com.sss.app.repository.library.location.LocationRepository; If you want this repository to be a Redis repository, consider annotating your entities with one of these annotations: org.springframework.data.redis.core.RedisHash (preferred), or consider extending one of the following types with your repository: org.springframework.data.keyvalue.repository.KeyValueRepository
2026-08-05T17:01:52.969+05:30  INFO 16768 --- [sss-server] [  restartedMain] .RepositoryConfigurationExtensionSupport : Spring Data Redis - Could not safely identify store assignment for repository candidate interface com.sss.app.repository.library.mealplan.MealPlanRepository; If you want this repository to be a Redis repository, consider annotating your entities with one of these annotations: org.springframework.data.redis.core.RedisHash (preferred), or consider extending one of the following types with your repository: org.springframework.data.keyvalue.repository.KeyValueRepository
2026-08-05T17:01:52.970+05:30  INFO 16768 --- [sss-server] [  restartedMain] .RepositoryConfigurationExtensionSupport : Spring Data Redis - Could not safely identify store assignment for repository candidate interface com.sss.app.repository.library.roomtype.RoomTypeRepository; If you want this repository to be a Redis repository, consider annotating your entities with one of these annotations: org.springframework.data.redis.core.RedisHash (preferred), or consider extending one of the following types with your repository: org.springframework.data.keyvalue.repository.KeyValueRepository
2026-08-05T17:01:52.972+05:30  INFO 16768 --- [sss-server] [  restartedMain] .RepositoryConfigurationExtensionSupport : Spring Data Redis - Could not safely identify store assignment for repository candidate interface com.sss.app.repository.library.serviceprovider.ServiceProviderRepository; If you want this repository to be a Redis repository, consider annotating your entities with one of these annotations: org.springframework.data.redis.core.RedisHash (preferred), or consider extending one of the following types with your repository: org.springframework.data.keyvalue.repository.KeyValueRepository
2026-08-05T17:01:52.973+05:30  INFO 16768 --- [sss-server] [  restartedMain] .RepositoryConfigurationExtensionSupport : Spring Data Redis - Could not safely identify store assignment for repository candidate interface com.sss.app.repository.library.transport.TransportRepository; If you want this repository to be a Redis repository, consider annotating your entities with one of these annotations: org.springframework.data.redis.core.RedisHash (preferred), or consider extending one of the following types with your repository: org.springframework.data.keyvalue.repository.KeyValueRepository
2026-08-05T17:01:52.973+05:30  INFO 16768 --- [sss-server] [  restartedMain] .RepositoryConfigurationExtensionSupport : Spring Data Redis - Could not safely identify store assignment for repository candidate interface com.sss.app.repository.OrganizationRepository; If you want this repository to be a Redis repository, consider annotating your entities with one of these annotations: org.springframework.data.redis.core.RedisHash (preferred), or consider extending one of the following types with your repository: org.springframework.data.keyvalue.repository.KeyValueRepository
2026-08-05T17:01:52.973+05:30  INFO 16768 --- [sss-server] [  restartedMain] .RepositoryConfigurationExtensionSupport : Spring Data Redis - Could not safely identify store assignment for repository candidate interface com.sss.app.repository.PasswordResetTokenRepository; If you want this repository to be a Redis repository, consider annotating your entities with one of these annotations: org.springframework.data.redis.core.RedisHash (preferred), or consider extending one of the following types with your repository: org.springframework.data.keyvalue.repository.KeyValueRepository
2026-08-05T17:01:52.974+05:30  INFO 16768 --- [sss-server] [  restartedMain] .RepositoryConfigurationExtensionSupport : Spring Data Redis - Could not safely identify store assignment for repository candidate interface com.sss.app.repository.payment.PaymentMilestoneRepository; If you want this repository to be a Redis repository, consider annotating your entities with one of these annotations: org.springframework.data.redis.core.RedisHash (preferred), or consider extending one of the following types with your repository: org.springframework.data.keyvalue.repository.KeyValueRepository
2026-08-05T17:01:52.976+05:30  INFO 16768 --- [sss-server] [  restartedMain] .RepositoryConfigurationExtensionSupport : Spring Data Redis - Could not safely identify store assignment for repository candidate interface com.sss.app.repository.permissions.PermissionRepository; If you want this repository to be a Redis repository, consider annotating your entities with one of these annotations: org.springframework.data.redis.core.RedisHash (preferred), or consider extending one of the following types with your repository: org.springframework.data.keyvalue.repository.KeyValueRepository
2026-08-05T17:01:52.976+05:30  INFO 16768 --- [sss-server] [  restartedMain] .RepositoryConfigurationExtensionSupport : Spring Data Redis - Could not safely identify store assignment for repository candidate interface com.sss.app.repository.permissions.RolePermissionRepository; If you want this repository to be a Redis repository, consider annotating your entities with one of these annotations: org.springframework.data.redis.core.RedisHash (preferred), or consider extending one of the following types with your repository: org.springframework.data.keyvalue.repository.KeyValueRepository
2026-08-05T17:01:52.977+05:30  INFO 16768 --- [sss-server] [  restartedMain] .RepositoryConfigurationExtensionSupport : Spring Data Redis - Could not safely identify store assignment for repository candidate interface com.sss.app.repository.quote.QuoteRepository; If you want this repository to be a Redis repository, consider annotating your entities with one of these annotations: org.springframework.data.redis.core.RedisHash (preferred), or consider extending one of the following types with your repository: org.springframework.data.keyvalue.repository.KeyValueRepository
2026-08-05T17:01:52.979+05:30  INFO 16768 --- [sss-server] [  restartedMain] .RepositoryConfigurationExtensionSupport : Spring Data Redis - Could not safely identify store assignment for repository candidate interface com.sss.app.repository.reminder.PaymentReminderLogRepository; If you want this repository to be a Redis repository, consider annotating your entities with one of these annotations: org.springframework.data.redis.core.RedisHash (preferred), or consider extending one of the following types with your repository: org.springframework.data.keyvalue.repository.KeyValueRepository
2026-08-05T17:01:52.980+05:30  INFO 16768 --- [sss-server] [  restartedMain] .RepositoryConfigurationExtensionSupport : Spring Data Redis - Could not safely identify store assignment for repository candidate interface com.sss.app.repository.reminder.ReminderRuleRepository; If you want this repository to be a Redis repository, consider annotating your entities with one of these annotations: org.springframework.data.redis.core.RedisHash (preferred), or consider extending one of the following types with your repository: org.springframework.data.keyvalue.repository.KeyValueRepository
2026-08-05T17:01:52.981+05:30  INFO 16768 --- [sss-server] [  restartedMain] .RepositoryConfigurationExtensionSupport : Spring Data Redis - Could not safely identify store assignment for repository candidate interface com.sss.app.repository.RoleRepository; If you want this repository to be a Redis repository, consider annotating your entities with one of these annotations: org.springframework.data.redis.core.RedisHash (preferred), or consider extending one of the following types with your repository: org.springframework.data.keyvalue.repository.KeyValueRepository
2026-08-05T17:01:52.982+05:30  INFO 16768 --- [sss-server] [  restartedMain] .RepositoryConfigurationExtensionSupport : Spring Data Redis - Could not safely identify store assignment for repository candidate interface com.sss.app.repository.system.CurrencyRepository; If you want this repository to be a Redis repository, consider annotating your entities with one of these annotations: org.springframework.data.redis.core.RedisHash (preferred), or consider extending one of the following types with your repository: org.springframework.data.keyvalue.repository.KeyValueRepository
2026-08-05T17:01:52.983+05:30  INFO 16768 --- [sss-server] [  restartedMain] .RepositoryConfigurationExtensionSupport : Spring Data Redis - Could not safely identify store assignment for repository candidate interface com.sss.app.repository.taxprofile.TaxProfileRepository; If you want this repository to be a Redis repository, consider annotating your entities with one of these annotations: org.springframework.data.redis.core.RedisHash (preferred), or consider extending one of the following types with your repository: org.springframework.data.keyvalue.repository.KeyValueRepository
2026-08-05T17:01:52.985+05:30  INFO 16768 --- [sss-server] [  restartedMain] .RepositoryConfigurationExtensionSupport : Spring Data Redis - Could not safely identify store assignment for repository candidate interface com.sss.app.repository.traveller.TravellerRepository; If you want this repository to be a Redis repository, consider annotating your entities with one of these annotations: org.springframework.data.redis.core.RedisHash (preferred), or consider extending one of the following types with your repository: org.springframework.data.keyvalue.repository.KeyValueRepository
2026-08-05T17:01:52.986+05:30  INFO 16768 --- [sss-server] [  restartedMain] .RepositoryConfigurationExtensionSupport : Spring Data Redis - Could not safely identify store assignment for repository candidate interface com.sss.app.repository.UserCredentialRepository; If you want this repository to be a Redis repository, consider annotating your entities with one of these annotations: org.springframework.data.redis.core.RedisHash (preferred), or consider extending one of the following types with your repository: org.springframework.data.keyvalue.repository.KeyValueRepository
2026-08-05T17:01:52.987+05:30  INFO 16768 --- [sss-server] [  restartedMain] .RepositoryConfigurationExtensionSupport : Spring Data Redis - Could not safely identify store assignment for repository candidate interface com.sss.app.repository.UserRepository; If you want this repository to be a Redis repository, consider annotating your entities with one of these annotations: org.springframework.data.redis.core.RedisHash (preferred), or consider extending one of the following types with your repository: org.springframework.data.keyvalue.repository.KeyValueRepository
2026-08-05T17:01:52.987+05:30  INFO 16768 --- [sss-server] [  restartedMain] .RepositoryConfigurationExtensionSupport : Spring Data Redis - Could not safely identify store assignment for repository candidate interface com.sss.app.repository.UserRoleLinkRepository; If you want this repository to be a Redis repository, consider annotating your entities with one of these annotations: org.springframework.data.redis.core.RedisHash (preferred), or consider extending one of the following types with your repository: org.springframework.data.keyvalue.repository.KeyValueRepository
2026-08-05T17:01:52.988+05:30  INFO 16768 --- [sss-server] [  restartedMain] .RepositoryConfigurationExtensionSupport : Spring Data Redis - Could not safely identify store assignment for repository candidate interface com.sss.app.repository.UserSessionRepository; If you want this repository to be a Redis repository, consider annotating your entities with one of these annotations: org.springframework.data.redis.core.RedisHash (preferred), or consider extending one of the following types with your repository: org.springframework.data.keyvalue.repository.KeyValueRepository
2026-08-05T17:01:52.988+05:30  INFO 16768 --- [sss-server] [  restartedMain] .s.d.r.c.RepositoryConfigurationDelegate : Finished Spring Data repository scanning in 164 ms. Found 0 Redis repository interfaces.
2026-08-05T17:01:53.293+05:30  INFO 16768 --- [sss-server] [  restartedMain] o.s.b.w.embedded.tomcat.TomcatWebServer  : Tomcat initialized with port 8080 (http)
2026-08-05T17:01:53.300+05:30  INFO 16768 --- [sss-server] [  restartedMain] o.apache.catalina.core.StandardService   : Starting service [Tomcat]
2026-08-05T17:01:53.300+05:30  INFO 16768 --- [sss-server] [  restartedMain] o.apache.catalina.core.StandardEngine    : Starting Servlet engine: [Apache Tomcat/10.1.41]
2026-08-05T17:01:53.336+05:30  INFO 16768 --- [sss-server] [  restartedMain] o.a.c.c.C.[Tomcat-9].[localhost].[/sss]  : Initializing Spring embedded WebApplicationContext
2026-08-05T17:01:53.337+05:30  INFO 16768 --- [sss-server] [  restartedMain] w.s.c.ServletWebServerApplicationContext : Root WebApplicationContext: initialization completed in 1496 ms
2026-08-05T17:01:53.419+05:30  INFO 16768 --- [sss-server] [  restartedMain] com.zaxxer.hikari.HikariDataSource       : HikariPool-14 - Starting...
2026-08-05T17:01:55.412+05:30  INFO 16768 --- [sss-server] [  restartedMain] com.zaxxer.hikari.pool.HikariPool        : HikariPool-14 - Added connection org.postgresql.jdbc.PgConnection@7c780658
2026-08-05T17:01:55.424+05:30  INFO 16768 --- [sss-server] [  restartedMain] com.zaxxer.hikari.HikariDataSource       : HikariPool-14 - Start completed.
2026-08-05T17:01:55.623+05:30  INFO 16768 --- [sss-server] [  restartedMain] org.flywaydb.core.FlywayExecutor         : Database: jdbc:postgresql://sss-db-3.cniiyyk2y5un.eu-north-1.rds.amazonaws.com:5432/sssdb (PostgreSQL 18.3)
2026-08-05T17:01:57.204+05:30  WARN 16768 --- [sss-server] [  restartedMain] o.f.c.internal.database.base.Database    : Flyway upgrade recommended: PostgreSQL 18.3 is newer than this version of Flyway and support has not been tested. The latest supported version of PostgreSQL is 17.
2026-08-05T17:01:58.213+05:30  INFO 16768 --- [sss-server] [  restartedMain] o.f.core.internal.command.DbValidate     : Successfully validated 43 migrations (execution time 00:00.809s)
2026-08-05T17:02:00.734+05:30  INFO 16768 --- [sss-server] [  restartedMain] o.f.core.internal.command.DbMigrate      : Current version of schema "public": 42
2026-08-05T17:02:00.939+05:30  INFO 16768 --- [sss-server] [  restartedMain] o.f.core.internal.command.DbMigrate      : Schema "public" is up to date. No migration necessary.
2026-08-05T17:02:02.145+05:30  INFO 16768 --- [sss-server] [  restartedMain] o.hibernate.jpa.internal.util.LogHelper  : HHH000204: Processing PersistenceUnitInfo [name: default]
2026-08-05T17:02:02.160+05:30  INFO 16768 --- [sss-server] [  restartedMain] o.h.c.internal.RegionFactoryInitiator    : HHH000026: Second-level cache disabled
2026-08-05T17:02:02.175+05:30  INFO 16768 --- [sss-server] [  restartedMain] o.s.o.j.p.SpringPersistenceUnitInfo      : No LoadTimeWeaver setup: ignoring JPA class transformer
2026-08-05T17:02:02.377+05:30  WARN 16768 --- [sss-server] [  restartedMain] org.hibernate.orm.deprecation            : HHH90000025: PostgreSQLDialect does not need to be specified explicitly using 'hibernate.dialect' (remove the property setting and it will be selected by default)
2026-08-05T17:02:02.790+05:30  INFO 16768 --- [sss-server] [  restartedMain] org.hibernate.orm.connections.pooling    : HHH10001005: Database info:
	Database JDBC URL [Connecting through datasource 'HikariDataSource (HikariPool-14)']
	Database driver: undefined/unknown
	Database version: 18.3
	Autocommit mode: undefined/unknown
	Isolation level: undefined/unknown
	Minimum pool size: undefined/unknown
	Maximum pool size: undefined/unknown
2026-08-05T17:02:03.877+05:30  INFO 16768 --- [sss-server] [  restartedMain] o.h.e.t.j.p.i.JtaPlatformInitiator       : HHH000489: No JTA platform available (set 'hibernate.transaction.jta.platform' to enable JTA platform integration)
2026-08-05T17:02:05.717+05:30  INFO 16768 --- [sss-server] [  restartedMain] j.LocalContainerEntityManagerFactoryBean : Initialized JPA EntityManagerFactory for persistence unit 'default'
2026-08-05T17:02:05.969+05:30  INFO 16768 --- [sss-server] [  restartedMain] o.s.boot.web.servlet.RegistrationBean    : Filter disableAutoRegistration was not registered (disabled)
2026-08-05T17:02:06.839+05:30  INFO 16768 --- [sss-server] [  restartedMain] com.sss.app.jwtToken.KeyProvider         : JWT signing key loaded from JWT_PRIVATE_KEY/JWT_PUBLIC_KEY — stable across restarts.
2026-08-05T17:02:07.913+05:30  WARN 16768 --- [sss-server] [  restartedMain] c.s.a.s.c.MetaTokenEncryptionKeyProvider : No META_TOKEN_ENCRYPTION_KEY configured — generated a throwaway key for this process only. Every previously stored Meta access token will fail to decrypt on the next restart. Set META_TOKEN_ENCRYPTION_KEY (base64, 32 bytes) before connecting any real Facebook/Instagram account.
2026-08-05T17:02:08.668+05:30  WARN 16768 --- [sss-server] [  restartedMain] JpaBaseConfiguration$JpaWebConfiguration : spring.jpa.open-in-view is enabled by default. Therefore, database queries may be performed during view rendering. Explicitly configure spring.jpa.open-in-view to disable this warning
2026-08-05T17:02:08.920+05:30  WARN 16768 --- [sss-server] [  restartedMain] .s.s.UserDetailsServiceAutoConfiguration : 

Using generated security password: 890c1125-fa32-41f1-83a5-a57b98b6af15

This generated password is for development use only. Your security configuration must be updated before running your application in production.

2026-08-05T17:02:08.935+05:30  INFO 16768 --- [sss-server] [  restartedMain] r$InitializeUserDetailsManagerConfigurer : Global AuthenticationManager configured with UserDetailsService bean with name inMemoryUserDetailsManager
2026-08-05T17:02:09.322+05:30  INFO 16768 --- [sss-server] [  restartedMain] o.s.b.d.a.OptionalLiveReloadServer       : LiveReload server is running on port 35729
2026-08-05T17:02:09.347+05:30  INFO 16768 --- [sss-server] [  restartedMain] o.s.b.w.embedded.tomcat.TomcatWebServer  : Tomcat started on port 8080 (http) with context path '/sss'
2026-08-05T17:02:09.354+05:30  INFO 16768 --- [sss-server] [  restartedMain] com.sss.app.SssAppApplication            : Started SssAppApplication in 17.556 seconds (process running for 106679.812)
2026-08-05T17:02:09.357+05:30  INFO 16768 --- [sss-server] [  restartedMain] .ConditionEvaluationDeltaLoggingListener : Condition evaluation unchanged
2026-08-05T18:51:25.016+05:30  INFO 16768 --- [sss-server] [nio-8080-exec-1] o.a.c.c.C.[Tomcat-9].[localhost].[/sss]  : Initializing Spring DispatcherServlet 'dispatcherServlet'
2026-08-05T18:51:25.018+05:30  INFO 16768 --- [sss-server] [nio-8080-exec-1] o.s.web.servlet.DispatcherServlet        : Initializing Servlet 'dispatcherServlet'
2026-08-05T18:51:25.033+05:30  INFO 16768 --- [sss-server] [nio-8080-exec-1] o.s.web.servlet.DispatcherServlet        : Completed initialization in 14 ms
2026-08-05T19:31:58.635+05:30  INFO 16768 --- [sss-server] [   File Watcher] rtingClassPathChangeChangedEventListener : Restarting due to 490 class path changes (0 additions, 490 deletions, 0 modifications)
2026-08-05T19:31:58.649+05:30  INFO 16768 --- [sss-server] [      Thread-43] o.s.b.w.e.tomcat.GracefulShutdown        : Commencing graceful shutdown. Waiting for active requests to complete
2026-08-05T19:31:58.664+05:30  INFO 16768 --- [sss-server] [tomcat-shutdown] o.s.b.w.e.tomcat.GracefulShutdown        : Graceful shutdown complete
2026-08-05T19:31:58.694+05:30  INFO 16768 --- [sss-server] [      Thread-43] j.LocalContainerEntityManagerFactoryBean : Closing JPA EntityManagerFactory for persistence unit 'default'
2026-08-05T19:31:58.697+05:30  INFO 16768 --- [sss-server] [      Thread-43] com.zaxxer.hikari.HikariDataSource       : HikariPool-14 - Shutdown initiated...
2026-08-05T19:32:01.293+05:30  INFO 16768 --- [sss-server] [      Thread-43] com.zaxxer.hikari.HikariDataSource       : HikariPool-14 - Shutdown completed.

  .   ____          _            __ _ _
 /\\ / ___'_ __ _ _(_)_ __  __ _ \ \ \ \
( ( )\___ | '_ | '_| | '_ \/ _` | \ \ \ \
 \\/  ___)| |_)| | | | | || (_| |  ) ) ) )
  '  |____| .__|_| |_|_| |_\__, | / / / /
 =========|_|==============|___/=/_/_/_/

 :: Spring Boot ::                (v3.5.0)

2026-08-05T19:32:01.568+05:30  INFO 16768 --- [sss-server] [  restartedMain] com.sss.app.SssAppApplication            : Starting SssAppApplication using Java 24.0.1 with PID 16768 (C:\Users\sacch\Documents\sss\development\backend\sss-server\target\classes started by sacch in C:\Users\sacch\Documents\sss\development\backend\sss-server)
2026-08-05T19:32:01.572+05:30  INFO 16768 --- [sss-server] [  restartedMain] com.sss.app.SssAppApplication            : No active profile set, falling back to 1 default profile: "default"
2026-08-05T19:32:02.134+05:30  INFO 16768 --- [sss-server] [  restartedMain] .s.d.r.c.RepositoryConfigurationDelegate : Multiple Spring Data modules found, entering strict repository configuration mode
2026-08-05T19:32:02.135+05:30  INFO 16768 --- [sss-server] [  restartedMain] .s.d.r.c.RepositoryConfigurationDelegate : Bootstrapping Spring Data JPA repositories in DEFAULT mode.
2026-08-05T19:32:02.189+05:30  INFO 16768 --- [sss-server] [  restartedMain] .s.d.r.c.RepositoryConfigurationDelegate : Finished Spring Data repository scanning in 50 ms. Found 0 JPA repository interfaces.
2026-08-05T19:32:02.196+05:30  INFO 16768 --- [sss-server] [  restartedMain] .s.d.r.c.RepositoryConfigurationDelegate : Multiple Spring Data modules found, entering strict repository configuration mode
2026-08-05T19:32:02.197+05:30  INFO 16768 --- [sss-server] [  restartedMain] .s.d.r.c.RepositoryConfigurationDelegate : Bootstrapping Spring Data Redis repositories in DEFAULT mode.
2026-08-05T19:32:02.254+05:30  INFO 16768 --- [sss-server] [  restartedMain] .s.d.r.c.RepositoryConfigurationDelegate : Finished Spring Data repository scanning in 55 ms. Found 0 Redis repository interfaces.
2026-08-05T19:32:02.734+05:30  INFO 16768 --- [sss-server] [  restartedMain] o.s.b.w.embedded.tomcat.TomcatWebServer  : Tomcat initialized with port 8080 (http)
2026-08-05T19:32:02.747+05:30  INFO 16768 --- [sss-server] [  restartedMain] o.apache.catalina.core.StandardService   : Starting service [Tomcat]
2026-08-05T19:32:02.749+05:30  INFO 16768 --- [sss-server] [  restartedMain] o.apache.catalina.core.StandardEngine    : Starting Servlet engine: [Apache Tomcat/10.1.41]
2026-08-05T19:32:02.856+05:30  INFO 16768 --- [sss-server] [  restartedMain] o.a.c.c.C.[Tomcat-9].[localhost].[/sss]  : Initializing Spring embedded WebApplicationContext
2026-08-05T19:32:02.857+05:30  INFO 16768 --- [sss-server] [  restartedMain] w.s.c.ServletWebServerApplicationContext : Root WebApplicationContext: initialization completed in 1268 ms
2026-08-05T19:32:03.009+05:30  INFO 16768 --- [sss-server] [  restartedMain] com.zaxxer.hikari.HikariDataSource       : HikariPool-15 - Starting...
2026-08-05T19:32:05.494+05:30  INFO 16768 --- [sss-server] [  restartedMain] com.zaxxer.hikari.pool.HikariPool        : HikariPool-15 - Added connection org.postgresql.jdbc.PgConnection@73c82545
2026-08-05T19:32:05.498+05:30  INFO 16768 --- [sss-server] [  restartedMain] com.zaxxer.hikari.HikariDataSource       : HikariPool-15 - Start completed.
2026-08-05T19:32:05.700+05:30  INFO 16768 --- [sss-server] [  restartedMain] org.flywaydb.core.FlywayExecutor         : Database: jdbc:postgresql://sss-db-3.cniiyyk2y5un.eu-north-1.rds.amazonaws.com:5432/sssdb (PostgreSQL 18.3)
2026-08-05T19:32:07.513+05:30  WARN 16768 --- [sss-server] [  restartedMain] o.f.c.internal.database.base.Database    : Flyway upgrade recommended: PostgreSQL 18.3 is newer than this version of Flyway and support has not been tested. The latest supported version of PostgreSQL is 17.
2026-08-05T19:32:08.788+05:30  INFO 16768 --- [sss-server] [  restartedMain] o.f.core.internal.command.DbValidate     : Successfully validated 43 migrations (execution time 00:01.024s)
2026-08-05T19:32:11.855+05:30  INFO 16768 --- [sss-server] [  restartedMain] o.f.core.internal.command.DbMigrate      : Current version of schema "public": 42
2026-08-05T19:32:12.067+05:30  INFO 16768 --- [sss-server] [  restartedMain] o.f.core.internal.command.DbMigrate      : Schema "public" is up to date. No migration necessary.
2026-08-05T19:32:14.713+05:30  INFO 16768 --- [sss-server] [  restartedMain] o.hibernate.jpa.internal.util.LogHelper  : HHH000204: Processing PersistenceUnitInfo [name: default]
2026-08-05T19:32:14.727+05:30  INFO 16768 --- [sss-server] [  restartedMain] o.h.c.internal.RegionFactoryInitiator    : HHH000026: Second-level cache disabled
2026-08-05T19:32:14.781+05:30  INFO 16768 --- [sss-server] [  restartedMain] o.s.o.j.p.SpringPersistenceUnitInfo      : No LoadTimeWeaver setup: ignoring JPA class transformer
2026-08-05T19:32:15.244+05:30  WARN 16768 --- [sss-server] [  restartedMain] org.hibernate.orm.deprecation            : HHH90000025: PostgreSQLDialect does not need to be specified explicitly using 'hibernate.dialect' (remove the property setting and it will be selected by default)
2026-08-05T19:32:15.670+05:30  INFO 16768 --- [sss-server] [  restartedMain] org.hibernate.orm.connections.pooling    : HHH10001005: Database info:
	Database JDBC URL [Connecting through datasource 'HikariDataSource (HikariPool-15)']
	Database driver: undefined/unknown
	Database version: 18.3
	Autocommit mode: undefined/unknown
	Isolation level: undefined/unknown
	Minimum pool size: undefined/unknown
	Maximum pool size: undefined/unknown
2026-08-05T19:32:17.291+05:30  INFO 16768 --- [sss-server] [  restartedMain] o.h.e.t.j.p.i.JtaPlatformInitiator       : HHH000489: No JTA platform available (set 'hibernate.transaction.jta.platform' to enable JTA platform integration)
2026-08-05T19:32:19.352+05:30  INFO 16768 --- [sss-server] [  restartedMain] j.LocalContainerEntityManagerFactoryBean : Initialized JPA EntityManagerFactory for persistence unit 'default'
2026-08-05T19:32:19.395+05:30  WARN 16768 --- [sss-server] [  restartedMain] ConfigServletWebServerApplicationContext : Exception encountered during context initialization - cancelling refresh attempt: org.springframework.beans.factory.BeanCreationException: Error creating bean with name 'jpaAuditingHandler': Cannot create inner bean '(inner bean)#67434d92' of type [org.springframework.aop.framework.ProxyFactoryBean] while setting bean property 'auditorAware'
2026-08-05T19:32:19.396+05:30  INFO 16768 --- [sss-server] [  restartedMain] j.LocalContainerEntityManagerFactoryBean : Closing JPA EntityManagerFactory for persistence unit 'default'
2026-08-05T19:32:19.399+05:30  INFO 16768 --- [sss-server] [  restartedMain] com.zaxxer.hikari.HikariDataSource       : HikariPool-15 - Shutdown initiated...
2026-08-05T19:32:21.470+05:30  INFO 16768 --- [sss-server] [  restartedMain] com.zaxxer.hikari.HikariDataSource       : HikariPool-15 - Shutdown completed.
2026-08-05T19:32:21.506+05:30  INFO 16768 --- [sss-server] [  restartedMain] o.apache.catalina.core.StandardService   : Stopping service [Tomcat]
2026-08-05T19:32:21.512+05:30  INFO 16768 --- [sss-server] [  restartedMain] .s.b.a.l.ConditionEvaluationReportLogger : 

Error starting ApplicationContext. To display the condition evaluation report re-run your application with 'debug' enabled.
2026-08-05T19:32:21.516+05:30 ERROR 16768 --- [sss-server] [  restartedMain] o.s.b.d.LoggingFailureAnalysisReporter   : 

***************************
APPLICATION FAILED TO START
***************************

Description:

A component required a bean named 'auditorAware' that could not be found.


Action:

Consider defining a bean named 'auditorAware' in your configuration.

